Participant,Paragraph,Classifier,Prediction,Prediction_Proba,True_Label
596e1af7a09655000197d4bb,4,RandomForest,1,0.5183595939593513,0
596e1af7a09655000197d4bb,10,RandomForest,0,0.40636001286185797,0
596e1af7a09655000197d4bb,15,RandomForest,0,0.4787150647444733,0
596e1af7a09655000197d4bb,20,RandomForest,1,0.5863230749332474,0
596e1af7a09655000197d4bb,26,RandomForest,1,0.5138667144274365,0
596e1af7a09655000197d4bb,31,RandomForest,1,0.5174509656200095,0
596e1af7a09655000197d4bb,36,RandomForest,0,0.4486807059119266,0
5d4459c166881d001c4d5451,4,RandomForest,1,0.5183595939593513,1
5d4459c166881d001c4d5451,10,RandomForest,0,0.40636001286185797,1
5d4459c166881d001c4d5451,15,RandomForest,0,0.4787150647444733,0
5d4459c166881d001c4d5451,20,RandomForest,1,0.5863230749332474,1
5d4459c166881d001c4d5451,26,RandomForest,1,0.5138667144274365,0
5d4459c166881d001c4d5451,31,RandomForest,1,0.5174509656200095,1
5d4459c166881d001c4d5451,36,RandomForest,0,0.4486807059119266,0
5d79375d794d900017671c07,4,RandomForest,1,0.5183595939593513,0
5d79375d794d900017671c07,10,RandomForest,0,0.40636001286185797,0
5d79375d794d900017671c07,15,RandomForest,0,0.4787150647444733,0
5d79375d794d900017671c07,20,RandomForest,1,0.5863230749332474,0
5d79375d794d900017671c07,26,RandomForest,1,0.5138667144274365,0
5d79375d794d900017671c07,31,RandomForest,1,0.5174509656200095,1
5d79375d794d900017671c07,36,RandomForest,0,0.4486807059119266,0
5df861926aab7c5f659dfd85,4,RandomForest,1,0.5183595939593513,1
5df861926aab7c5f659dfd85,10,RandomForest,0,0.40636001286185797,0
5df861926aab7c5f659dfd85,15,RandomForest,0,0.4787150647444733,0
5df861926aab7c5f659dfd85,20,RandomForest,1,0.5863230749332474,1
5df861926aab7c5f659dfd85,26,RandomForest,1,0.5138667144274365,0
5df861926aab7c5f659dfd85,31,RandomForest,1,0.5174509656200095,1
5df861926aab7c5f659dfd85,36,RandomForest,0,0.4486807059119266,1
5e49fd714535c4462d04dcd7,4,RandomForest,1,0.5183595939593513,0
5e49fd714535c4462d04dcd7,10,RandomForest,0,0.40636001286185797,0
5e49fd714535c4462d04dcd7,15,RandomForest,0,0.4787150647444733,1
5e49fd714535c4462d04dcd7,20,RandomForest,1,0.5863230749332474,1
5e49fd714535c4462d04dcd7,26,RandomForest,1,0.5138667144274365,1
5e49fd714535c4462d04dcd7,31,RandomForest,1,0.5174509656200095,1
5e49fd714535c4462d04dcd7,36,RandomForest,0,0.4486807059119266,0
5e83bb0601aa8c11929fa6d4,4,RandomForest,1,0.5183595939593513,0
5e83bb0601aa8c11929fa6d4,10,RandomForest,0,0.40636001286185797,0
5e83bb0601aa8c11929fa6d4,15,RandomForest,0,0.4787150647444733,0
5e83bb0601aa8c11929fa6d4,20,RandomForest,1,0.5863230749332474,1
5e83bb0601aa8c11929fa6d4,26,RandomForest,1,0.5138667144274365,0
5e83bb0601aa8c11929fa6d4,31,RandomForest,1,0.5174509656200095,0
5e83bb0601aa8c11929fa6d4,36,RandomForest,0,0.4486807059119266,0
5edd1133213f7a077ee2709b,4,RandomForest,1,0.5183595939593513,0
5edd1133213f7a077ee2709b,20,RandomForest,1,0.5863230749332474,0
5edd1133213f7a077ee2709b,36,RandomForest,0,0.4486807059119266,1
60493e65aba91587246602a2,4,RandomForest,1,0.5183595939593513,1
60493e65aba91587246602a2,15,RandomForest,0,0.4787150647444733,0
60493e65aba91587246602a2,26,RandomForest,1,0.5138667144274365,0
60ff07f922e9fa09d90159a1,4,RandomForest,1,0.5183595939593513,0
60ff07f922e9fa09d90159a1,10,RandomForest,0,0.40636001286185797,1
60ff07f922e9fa09d90159a1,15,RandomForest,0,0.4787150647444733,0
60ff07f922e9fa09d90159a1,20,RandomForest,1,0.5863230749332474,1
60ff07f922e9fa09d90159a1,26,RandomForest,1,0.5138667144274365,0
60ff07f922e9fa09d90159a1,31,RandomForest,1,0.5174509656200095,0
60ff07f922e9fa09d90159a1,36,RandomForest,0,0.4486807059119266,0
6148f3d1074988c7852c1774,4,RandomForest,1,0.5183595939593513,0
6148f3d1074988c7852c1774,10,RandomForest,0,0.40636001286185797,0
6148f3d1074988c7852c1774,15,RandomForest,0,0.4787150647444733,0
6148f3d1074988c7852c1774,20,RandomForest,1,0.5863230749332474,0
6148f3d1074988c7852c1774,26,RandomForest,1,0.5138667144274365,1
6148f3d1074988c7852c1774,31,RandomForest,1,0.5174509656200095,0
6148f3d1074988c7852c1774,36,RandomForest,0,0.4486807059119266,0
622a4950fe920c5a243b8b8c,4,RandomForest,1,0.5183595939593513,0
622a4950fe920c5a243b8b8c,10,RandomForest,0,0.40636001286185797,0
622a4950fe920c5a243b8b8c,15,RandomForest,0,0.4787150647444733,1
622a4950fe920c5a243b8b8c,20,RandomForest,1,0.5863230749332474,1
622a4950fe920c5a243b8b8c,26,RandomForest,1,0.5138667144274365,0
622a4950fe920c5a243b8b8c,31,RandomForest,1,0.5174509656200095,1
622a4950fe920c5a243b8b8c,36,RandomForest,0,0.4486807059119266,0
628e565e37a823270e7c996e,4,RandomForest,1,0.5183595939593513,1
628e565e37a823270e7c996e,10,RandomForest,0,0.40636001286185797,1
628e565e37a823270e7c996e,15,RandomForest,0,0.4787150647444733,0
628e565e37a823270e7c996e,26,RandomForest,1,0.5138667144274365,1
628e565e37a823270e7c996e,31,RandomForest,1,0.5174509656200095,1
628e565e37a823270e7c996e,36,RandomForest,0,0.4486807059119266,1
559e6830fdf99b4f0b98514a,4,RandomForest,1,0.5183595939593513,0
559e6830fdf99b4f0b98514a,10,RandomForest,0,0.40636001286185797,0
559e6830fdf99b4f0b98514a,15,RandomForest,0,0.4787150647444733,0
559e6830fdf99b4f0b98514a,20,RandomForest,1,0.5863230749332474,0
559e6830fdf99b4f0b98514a,26,RandomForest,1,0.5138667144274365,0
559e6830fdf99b4f0b98514a,31,RandomForest,1,0.5174509656200095,0
559e6830fdf99b4f0b98514a,36,RandomForest,0,0.4486807059119266,0
56210effed6e5a000ac7f3a5,4,RandomForest,1,0.5183595939593513,0
56210effed6e5a000ac7f3a5,10,RandomForest,0,0.40636001286185797,0
56210effed6e5a000ac7f3a5,15,RandomForest,0,0.4787150647444733,0
56210effed6e5a000ac7f3a5,20,RandomForest,1,0.5863230749332474,0
56210effed6e5a000ac7f3a5,26,RandomForest,1,0.5138667144274365,0
56210effed6e5a000ac7f3a5,31,RandomForest,1,0.5174509656200095,0
56210effed6e5a000ac7f3a5,36,RandomForest,0,0.4486807059119266,0
569298838d93fe000dfa033c,4,RandomForest,1,0.5183595939593513,0
569298838d93fe000dfa033c,10,RandomForest,0,0.40636001286185797,0
569298838d93fe000dfa033c,15,RandomForest,0,0.4787150647444733,0
569298838d93fe000dfa033c,20,RandomForest,1,0.5863230749332474,1
569298838d93fe000dfa033c,26,RandomForest,1,0.5138667144274365,0
569298838d93fe000dfa033c,31,RandomForest,1,0.5174509656200095,0
569298838d93fe000dfa033c,36,RandomForest,0,0.4486807059119266,0
58d2cb10f5899100018a05b8,4,RandomForest,1,0.5183595939593513,0
58d2cb10f5899100018a05b8,10,RandomForest,0,0.40636001286185797,0
58d2cb10f5899100018a05b8,15,RandomForest,0,0.4787150647444733,1
58d2cb10f5899100018a05b8,20,RandomForest,1,0.5863230749332474,0
58d2cb10f5899100018a05b8,26,RandomForest,1,0.5138667144274365,1
58d2cb10f5899100018a05b8,31,RandomForest,1,0.5174509656200095,0
58d2cb10f5899100018a05b8,36,RandomForest,0,0.4486807059119266,0
5993020a5f49420001caf86b,4,RandomForest,1,0.5183595939593513,0
5993020a5f49420001caf86b,10,RandomForest,0,0.40636001286185797,1
5993020a5f49420001caf86b,15,RandomForest,0,0.4787150647444733,0
5993020a5f49420001caf86b,26,RandomForest,1,0.5138667144274365,0
5993020a5f49420001caf86b,31,RandomForest,1,0.5174509656200095,0
5993020a5f49420001caf86b,36,RandomForest,0,0.4486807059119266,0
5aa83a71f6dfdd0001eb1690,4,RandomForest,1,0.5183595939593513,0
5aa83a71f6dfdd0001eb1690,10,RandomForest,0,0.40636001286185797,0
5aa83a71f6dfdd0001eb1690,15,RandomForest,0,0.4787150647444733,0
5aa83a71f6dfdd0001eb1690,20,RandomForest,1,0.5863230749332474,0
5aa83a71f6dfdd0001eb1690,26,RandomForest,1,0.5138667144274365,0
5aa83a71f6dfdd0001eb1690,31,RandomForest,1,0.5174509656200095,0
5aa83a71f6dfdd0001eb1690,36,RandomForest,0,0.4486807059119266,0
5b6dbd2384a7760001c9c7fd,4,RandomForest,1,0.5183595939593513,0
5b6dbd2384a7760001c9c7fd,10,RandomForest,0,0.40636001286185797,0
5b6dbd2384a7760001c9c7fd,15,RandomForest,0,0.4787150647444733,0
5b6dbd2384a7760001c9c7fd,20,RandomForest,1,0.5863230749332474,0
5b6dbd2384a7760001c9c7fd,26,RandomForest,1,0.5138667144274365,0
5b6dbd2384a7760001c9c7fd,31,RandomForest,1,0.5174509656200095,0
5b6dbd2384a7760001c9c7fd,36,RandomForest,0,0.4486807059119266,0
5bbc0004ac45e6000131d380,4,RandomForest,1,0.5183595939593513,1
5bbc0004ac45e6000131d380,26,RandomForest,1,0.5138667144274365,1
5c0dbb9b9166290001253342,4,RandomForest,1,0.5183595939593513,0
5c0dbb9b9166290001253342,10,RandomForest,0,0.40636001286185797,0
5c0dbb9b9166290001253342,15,RandomForest,0,0.4787150647444733,0
5c0dbb9b9166290001253342,20,RandomForest,1,0.5863230749332474,0
5c0dbb9b9166290001253342,26,RandomForest,1,0.5138667144274365,1
5c0dbb9b9166290001253342,31,RandomForest,1,0.5174509656200095,1
5c0dbb9b9166290001253342,36,RandomForest,0,0.4486807059119266,0
5c8974ef34daa70015e92daf,4,RandomForest,1,0.5183595939593513,0
5c8974ef34daa70015e92daf,10,RandomForest,0,0.40636001286185797,1
5c8974ef34daa70015e92daf,15,RandomForest,0,0.4787150647444733,0
5c8974ef34daa70015e92daf,20,RandomForest,1,0.5863230749332474,0
5c8974ef34daa70015e92daf,26,RandomForest,1,0.5138667144274365,0
5c8974ef34daa70015e92daf,31,RandomForest,1,0.5174509656200095,0
5c8974ef34daa70015e92daf,36,RandomForest,0,0.4486807059119266,0
5cd8d86210887400182db201,4,RandomForest,1,0.5183595939593513,0
5cd8d86210887400182db201,36,RandomForest,0,0.4486807059119266,0
5cfe91a931c8d200018fd824,4,RandomForest,1,0.5183595939593513,0
5cfe91a931c8d200018fd824,10,RandomForest,0,0.40636001286185797,0
5cfe91a931c8d200018fd824,15,RandomForest,0,0.4787150647444733,0
5cfe91a931c8d200018fd824,20,RandomForest,1,0.5863230749332474,1
5cfe91a931c8d200018fd824,26,RandomForest,1,0.5138667144274365,0
5cfe91a931c8d200018fd824,31,RandomForest,1,0.5174509656200095,0
5cfe91a931c8d200018fd824,36,RandomForest,0,0.4486807059119266,0
5d5181fc842e8600171e5a78,4,RandomForest,1,0.5183595939593513,0
5d5181fc842e8600171e5a78,15,RandomForest,0,0.4787150647444733,1
5d5181fc842e8600171e5a78,26,RandomForest,1,0.5138667144274365,0
5d5181fc842e8600171e5a78,31,RandomForest,1,0.5174509656200095,0
5d5181fc842e8600171e5a78,36,RandomForest,0,0.4486807059119266,0
5d55d562e04e1c0001f5e682,4,RandomForest,1,0.5183595939593513,0
5d55d562e04e1c0001f5e682,10,RandomForest,0,0.40636001286185797,1
5d55d562e04e1c0001f5e682,15,RandomForest,0,0.4787150647444733,0
5d55d562e04e1c0001f5e682,26,RandomForest,1,0.5138667144274365,0
5d55d562e04e1c0001f5e682,31,RandomForest,1,0.5174509656200095,1
5d55d562e04e1c0001f5e682,36,RandomForest,0,0.4486807059119266,0
5e2721b01160079464059b5c,4,RandomForest,1,0.5183595939593513,1
5e2721b01160079464059b5c,10,RandomForest,0,0.40636001286185797,0
5e2721b01160079464059b5c,15,RandomForest,0,0.4787150647444733,0
5e2721b01160079464059b5c,20,RandomForest,1,0.5863230749332474,1
5e2721b01160079464059b5c,26,RandomForest,1,0.5138667144274365,0
5e2721b01160079464059b5c,31,RandomForest,1,0.5174509656200095,0
5e2721b01160079464059b5c,36,RandomForest,0,0.4486807059119266,0
5eb6df62c23fbf5e87db6b4b,4,RandomForest,1,0.5183595939593513,0
5eb6df62c23fbf5e87db6b4b,10,RandomForest,0,0.40636001286185797,0
5eb6df62c23fbf5e87db6b4b,15,RandomForest,0,0.4787150647444733,0
5eb6df62c23fbf5e87db6b4b,20,RandomForest,1,0.5863230749332474,1
5eb6df62c23fbf5e87db6b4b,26,RandomForest,1,0.5138667144274365,0
5eb6df62c23fbf5e87db6b4b,31,RandomForest,1,0.5174509656200095,0
5eb6df62c23fbf5e87db6b4b,36,RandomForest,0,0.4486807059119266,0
5f3d42de03555c0832cbef73,4,RandomForest,1,0.5183595939593513,1
5f3d42de03555c0832cbef73,10,RandomForest,0,0.40636001286185797,0
5f3d42de03555c0832cbef73,15,RandomForest,0,0.4787150647444733,0
5f3d42de03555c0832cbef73,20,RandomForest,1,0.5863230749332474,1
5f3d42de03555c0832cbef73,26,RandomForest,1,0.5138667144274365,0
5f3d42de03555c0832cbef73,31,RandomForest,1,0.5174509656200095,0
5f3d42de03555c0832cbef73,36,RandomForest,0,0.4486807059119266,1
5f9b6cc0e01ad13902b38f60,4,RandomForest,1,0.5183595939593513,0
5f9b6cc0e01ad13902b38f60,10,RandomForest,0,0.40636001286185797,0
5f9b6cc0e01ad13902b38f60,20,RandomForest,1,0.5863230749332474,0
5f9b6cc0e01ad13902b38f60,26,RandomForest,1,0.5138667144274365,0
5f9b6cc0e01ad13902b38f60,36,RandomForest,0,0.4486807059119266,0
5fa3146a9b17545c04ce5b06,4,RandomForest,1,0.5183595939593513,0
5fa3146a9b17545c04ce5b06,10,RandomForest,0,0.40636001286185797,0
5fa3146a9b17545c04ce5b06,15,RandomForest,0,0.4787150647444733,0
5fa3146a9b17545c04ce5b06,20,RandomForest,1,0.5863230749332474,1
5fa3146a9b17545c04ce5b06,26,RandomForest,1,0.5138667144274365,0
5fa3146a9b17545c04ce5b06,31,RandomForest,1,0.5174509656200095,0
5fa3146a9b17545c04ce5b06,36,RandomForest,0,0.4486807059119266,0
5fa4c21a04bc5912180291bc,4,RandomForest,1,0.5183595939593513,0
5fa4c21a04bc5912180291bc,10,RandomForest,0,0.40636001286185797,0
5fa4c21a04bc5912180291bc,15,RandomForest,0,0.4787150647444733,0
5fa4c21a04bc5912180291bc,20,RandomForest,1,0.5863230749332474,0
5fa4c21a04bc5912180291bc,26,RandomForest,1,0.5138667144274365,0
5fa4c21a04bc5912180291bc,31,RandomForest,1,0.5174509656200095,0
5fa4c21a04bc5912180291bc,36,RandomForest,0,0.4486807059119266,0
5fb3d71c3144730009fe4a7b,4,RandomForest,1,0.5183595939593513,0
5fb3d71c3144730009fe4a7b,20,RandomForest,1,0.5863230749332474,1
5fb3d71c3144730009fe4a7b,31,RandomForest,1,0.5174509656200095,1
5fb3d71c3144730009fe4a7b,36,RandomForest,0,0.4486807059119266,1
5fc98fe1b105424d4b03381b,4,RandomForest,1,0.5183595939593513,1
5fc98fe1b105424d4b03381b,10,RandomForest,0,0.40636001286185797,1
5fc98fe1b105424d4b03381b,15,RandomForest,0,0.4787150647444733,0
5fc98fe1b105424d4b03381b,20,RandomForest,1,0.5863230749332474,0
5fc98fe1b105424d4b03381b,26,RandomForest,1,0.5138667144274365,1
5fc98fe1b105424d4b03381b,31,RandomForest,1,0.5174509656200095,0
5fc98fe1b105424d4b03381b,36,RandomForest,0,0.4486807059119266,0
5ff94e71c59814230b0fb713,4,RandomForest,1,0.5183595939593513,0
5ff94e71c59814230b0fb713,15,RandomForest,0,0.4787150647444733,0
5ff94e71c59814230b0fb713,20,RandomForest,1,0.5863230749332474,0
5ff94e71c59814230b0fb713,26,RandomForest,1,0.5138667144274365,0
5ff94e71c59814230b0fb713,31,RandomForest,1,0.5174509656200095,0
5ff94e71c59814230b0fb713,36,RandomForest,0,0.4486807059119266,0
606604f1ca47696cf97529c0,4,RandomForest,1,0.5183595939593513,0
606604f1ca47696cf97529c0,10,RandomForest,0,0.40636001286185797,0
606604f1ca47696cf97529c0,15,RandomForest,0,0.4787150647444733,0
606604f1ca47696cf97529c0,20,RandomForest,1,0.5863230749332474,0
606604f1ca47696cf97529c0,26,RandomForest,1,0.5138667144274365,0
606604f1ca47696cf97529c0,31,RandomForest,1,0.5174509656200095,0
606604f1ca47696cf97529c0,36,RandomForest,0,0.4486807059119266,0
607db957e9d570c7c2657b8d,4,RandomForest,1,0.5183595939593513,0
607db957e9d570c7c2657b8d,10,RandomForest,0,0.40636001286185797,0
607db957e9d570c7c2657b8d,15,RandomForest,0,0.4787150647444733,0
607db957e9d570c7c2657b8d,20,RandomForest,1,0.5863230749332474,0
607db957e9d570c7c2657b8d,26,RandomForest,1,0.5138667144274365,0
607db957e9d570c7c2657b8d,31,RandomForest,1,0.5174509656200095,0
607db957e9d570c7c2657b8d,36,RandomForest,0,0.4486807059119266,0
6091ebb375f9f6e9e1acaef8,4,RandomForest,1,0.5183595939593513,0
6091ebb375f9f6e9e1acaef8,10,RandomForest,0,0.40636001286185797,0
6091ebb375f9f6e9e1acaef8,15,RandomForest,0,0.4787150647444733,0
6091ebb375f9f6e9e1acaef8,20,RandomForest,1,0.5863230749332474,1
6091ebb375f9f6e9e1acaef8,26,RandomForest,1,0.5138667144274365,1
6091ebb375f9f6e9e1acaef8,31,RandomForest,1,0.5174509656200095,1
6091ebb375f9f6e9e1acaef8,36,RandomForest,0,0.4486807059119266,0
60c381c26357c51532f1b378,4,RandomForest,1,0.5183595939593513,0
60c381c26357c51532f1b378,10,RandomForest,0,0.40636001286185797,0
60c381c26357c51532f1b378,15,RandomForest,0,0.4787150647444733,1
60c381c26357c51532f1b378,20,RandomForest,1,0.5863230749332474,1
60c381c26357c51532f1b378,26,RandomForest,1,0.5138667144274365,1
60c381c26357c51532f1b378,31,RandomForest,1,0.5174509656200095,1
60c381c26357c51532f1b378,36,RandomForest,0,0.4486807059119266,1
60e1d5f866e681d7e33fd01c,4,RandomForest,1,0.5183595939593513,1
60e1d5f866e681d7e33fd01c,10,RandomForest,0,0.40636001286185797,1
60e1d5f866e681d7e33fd01c,15,RandomForest,0,0.4787150647444733,1
60e1d5f866e681d7e33fd01c,20,RandomForest,1,0.5863230749332474,1
60e1d5f866e681d7e33fd01c,26,RandomForest,1,0.5138667144274365,1
60e1d5f866e681d7e33fd01c,31,RandomForest,1,0.5174509656200095,1
60e1d5f866e681d7e33fd01c,36,RandomForest,0,0.4486807059119266,1
60ed8f50e13ce18a6d406a09,4,RandomForest,1,0.5183595939593513,0
60ed8f50e13ce18a6d406a09,15,RandomForest,0,0.4787150647444733,0
60ed8f50e13ce18a6d406a09,20,RandomForest,1,0.5863230749332474,0
60ed8f50e13ce18a6d406a09,26,RandomForest,1,0.5138667144274365,0
60ed8f50e13ce18a6d406a09,31,RandomForest,1,0.5174509656200095,0
60ed8f50e13ce18a6d406a09,36,RandomForest,0,0.4486807059119266,0
6108295fdd0270d7544b5a8a,4,RandomForest,1,0.5183595939593513,1
6108295fdd0270d7544b5a8a,10,RandomForest,0,0.40636001286185797,1
6108295fdd0270d7544b5a8a,15,RandomForest,0,0.4787150647444733,0
6108295fdd0270d7544b5a8a,20,RandomForest,1,0.5863230749332474,0
6108295fdd0270d7544b5a8a,26,RandomForest,1,0.5138667144274365,1
6108295fdd0270d7544b5a8a,31,RandomForest,1,0.5174509656200095,1
6108295fdd0270d7544b5a8a,36,RandomForest,0,0.4486807059119266,1
611131e47725f6a04c723651,4,RandomForest,1,0.5183595939593513,0
611131e47725f6a04c723651,10,RandomForest,0,0.40636001286185797,0
611131e47725f6a04c723651,15,RandomForest,0,0.4787150647444733,1
611131e47725f6a04c723651,20,RandomForest,1,0.5863230749332474,0
611131e47725f6a04c723651,26,RandomForest,1,0.5138667144274365,1
611131e47725f6a04c723651,31,RandomForest,1,0.5174509656200095,0
611131e47725f6a04c723651,36,RandomForest,0,0.4486807059119266,0
612b86da38f96808af7bb1da,4,RandomForest,1,0.5183595939593513,0
612b86da38f96808af7bb1da,15,RandomForest,0,0.4787150647444733,0
612b86da38f96808af7bb1da,26,RandomForest,1,0.5138667144274365,0
612b86da38f96808af7bb1da,31,RandomForest,1,0.5174509656200095,0
612b86da38f96808af7bb1da,36,RandomForest,0,0.4486807059119266,0
616f4e920ed4bf68c708dde3,4,RandomForest,1,0.5183595939593513,0
616f4e920ed4bf68c708dde3,10,RandomForest,0,0.40636001286185797,0
616f4e920ed4bf68c708dde3,20,RandomForest,1,0.5863230749332474,0
616f4e920ed4bf68c708dde3,26,RandomForest,1,0.5138667144274365,1
616f4e920ed4bf68c708dde3,36,RandomForest,0,0.4486807059119266,0
628510a698e9e63b21ef9139,4,RandomForest,1,0.5183595939593513,1
628510a698e9e63b21ef9139,15,RandomForest,0,0.4787150647444733,0
628510a698e9e63b21ef9139,20,RandomForest,1,0.5863230749332474,0
628510a698e9e63b21ef9139,26,RandomForest,1,0.5138667144274365,1
628510a698e9e63b21ef9139,31,RandomForest,1,0.5174509656200095,1
62885c14d00376d11632a442,4,RandomForest,1,0.5183595939593513,0
62885c14d00376d11632a442,10,RandomForest,0,0.40636001286185797,0
62885c14d00376d11632a442,15,RandomForest,0,0.4787150647444733,1
62885c14d00376d11632a442,20,RandomForest,1,0.5863230749332474,1
62885c14d00376d11632a442,26,RandomForest,1,0.5138667144274365,1
62885c14d00376d11632a442,31,RandomForest,1,0.5174509656200095,1
62885c14d00376d11632a442,36,RandomForest,0,0.4486807059119266,1
628eb50c442d584fa8275bcc,4,RandomForest,1,0.5183595939593513,1
628eb50c442d584fa8275bcc,10,RandomForest,0,0.40636001286185797,0
628eb50c442d584fa8275bcc,15,RandomForest,0,0.4787150647444733,1
628eb50c442d584fa8275bcc,20,RandomForest,1,0.5863230749332474,1
628eb50c442d584fa8275bcc,26,RandomForest,1,0.5138667144274365,0
628eb50c442d584fa8275bcc,31,RandomForest,1,0.5174509656200095,0
628eb50c442d584fa8275bcc,36,RandomForest,0,0.4486807059119266,0
62a76dfc808c176cecd72dfa,4,RandomForest,1,0.5183595939593513,1
62a76dfc808c176cecd72dfa,10,RandomForest,0,0.40636001286185797,0
62a76dfc808c176cecd72dfa,15,RandomForest,0,0.4787150647444733,0
62a76dfc808c176cecd72dfa,20,RandomForest,1,0.5863230749332474,0
62a76dfc808c176cecd72dfa,26,RandomForest,1,0.5138667144274365,0
62a76dfc808c176cecd72dfa,31,RandomForest,1,0.5174509656200095,0
62a76dfc808c176cecd72dfa,36,RandomForest,0,0.4486807059119266,0
62bd1d1283b326cde10cf27a,4,RandomForest,1,0.5183595939593513,1
62bd1d1283b326cde10cf27a,10,RandomForest,0,0.40636001286185797,1
62bd1d1283b326cde10cf27a,15,RandomForest,0,0.4787150647444733,1
62bd1d1283b326cde10cf27a,20,RandomForest,1,0.5863230749332474,1
62bd1d1283b326cde10cf27a,26,RandomForest,1,0.5138667144274365,1
62bd1d1283b326cde10cf27a,31,RandomForest,1,0.5174509656200095,1
62bd1d1283b326cde10cf27a,36,RandomForest,0,0.4486807059119266,1
62c63362e7342ad8be294866,4,RandomForest,1,0.5183595939593513,1
62c63362e7342ad8be294866,10,RandomForest,0,0.40636001286185797,0
62c63362e7342ad8be294866,15,RandomForest,0,0.4787150647444733,0
62c63362e7342ad8be294866,20,RandomForest,1,0.5863230749332474,1
62c63362e7342ad8be294866,26,RandomForest,1,0.5138667144274365,0
62c63362e7342ad8be294866,31,RandomForest,1,0.5174509656200095,1
62c63362e7342ad8be294866,36,RandomForest,0,0.4486807059119266,0
62d0a258e5efefa14eb29647,4,RandomForest,1,0.5183595939593513,0
62d0a258e5efefa14eb29647,10,RandomForest,0,0.40636001286185797,0
62d0a258e5efefa14eb29647,15,RandomForest,0,0.4787150647444733,0
62d0a258e5efefa14eb29647,20,RandomForest,1,0.5863230749332474,0
62d0a258e5efefa14eb29647,26,RandomForest,1,0.5138667144274365,0
62d0a258e5efefa14eb29647,31,RandomForest,1,0.5174509656200095,0
62d0a258e5efefa14eb29647,36,RandomForest,0,0.4486807059119266,0
62f557535db76f7f4ab860c7,4,RandomForest,1,0.5183595939593513,0
62f557535db76f7f4ab860c7,15,RandomForest,0,0.4787150647444733,1
62f557535db76f7f4ab860c7,26,RandomForest,1,0.5138667144274365,0
62f557535db76f7f4ab860c7,31,RandomForest,1,0.5174509656200095,0
62f557535db76f7f4ab860c7,36,RandomForest,0,0.4486807059119266,0
631bf371cafbcf75cee93374,4,RandomForest,1,0.5183595939593513,0
631bf371cafbcf75cee93374,10,RandomForest,0,0.40636001286185797,0
631bf371cafbcf75cee93374,15,RandomForest,0,0.4787150647444733,1
631bf371cafbcf75cee93374,20,RandomForest,1,0.5863230749332474,0
631bf371cafbcf75cee93374,26,RandomForest,1,0.5138667144274365,1
631bf371cafbcf75cee93374,31,RandomForest,1,0.5174509656200095,1
631bf371cafbcf75cee93374,36,RandomForest,0,0.4486807059119266,0
632f7bec7eb646908138c15c,4,RandomForest,1,0.5183595939593513,0
632f7bec7eb646908138c15c,10,RandomForest,0,0.40636001286185797,0
632f7bec7eb646908138c15c,15,RandomForest,0,0.4787150647444733,1
632f7bec7eb646908138c15c,20,RandomForest,1,0.5863230749332474,1
632f7bec7eb646908138c15c,26,RandomForest,1,0.5138667144274365,1
632f7bec7eb646908138c15c,31,RandomForest,1,0.5174509656200095,0
632f7bec7eb646908138c15c,36,RandomForest,0,0.4486807059119266,1
63403b7f3fd164408c5ad4b0,4,RandomForest,1,0.5183595939593513,0
63403b7f3fd164408c5ad4b0,10,RandomForest,0,0.40636001286185797,0
63403b7f3fd164408c5ad4b0,15,RandomForest,0,0.4787150647444733,0
63403b7f3fd164408c5ad4b0,20,RandomForest,1,0.5863230749332474,0
63403b7f3fd164408c5ad4b0,26,RandomForest,1,0.5138667144274365,0
63403b7f3fd164408c5ad4b0,31,RandomForest,1,0.5174509656200095,0
63403b7f3fd164408c5ad4b0,36,RandomForest,0,0.4486807059119266,0
6352c60b4a9850783773f265,4,RandomForest,1,0.5183595939593513,0
6352c60b4a9850783773f265,10,RandomForest,0,0.40636001286185797,0
6352c60b4a9850783773f265,15,RandomForest,0,0.4787150647444733,0
6352c60b4a9850783773f265,20,RandomForest,1,0.5863230749332474,1
6352c60b4a9850783773f265,26,RandomForest,1,0.5138667144274365,0
6352c60b4a9850783773f265,31,RandomForest,1,0.5174509656200095,1
6352c60b4a9850783773f265,36,RandomForest,0,0.4486807059119266,1
63868eb7abcf3f247da6f52b,4,RandomForest,1,0.5183595939593513,0
63868eb7abcf3f247da6f52b,10,RandomForest,0,0.40636001286185797,0
63868eb7abcf3f247da6f52b,15,RandomForest,0,0.4787150647444733,1
63868eb7abcf3f247da6f52b,20,RandomForest,1,0.5863230749332474,1
63868eb7abcf3f247da6f52b,26,RandomForest,1,0.5138667144274365,1
63868eb7abcf3f247da6f52b,31,RandomForest,1,0.5174509656200095,0
63868eb7abcf3f247da6f52b,36,RandomForest,0,0.4486807059119266,0
63bde9862392eebaf64770c2,4,RandomForest,1,0.5183595939593513,1
63bde9862392eebaf64770c2,10,RandomForest,0,0.40636001286185797,0
63bde9862392eebaf64770c2,15,RandomForest,0,0.4787150647444733,0
63bde9862392eebaf64770c2,20,RandomForest,1,0.5863230749332474,1
63bde9862392eebaf64770c2,26,RandomForest,1,0.5138667144274365,1
63bde9862392eebaf64770c2,31,RandomForest,1,0.5174509656200095,0
63bde9862392eebaf64770c2,36,RandomForest,0,0.4486807059119266,0
5aec7e89ae13140001fc0cdf,4,RandomForest,1,0.5183595939593513,1
5ebc6d34046b2a0bc9f2b3b8,4,RandomForest,1,0.5183595939593513,1
5ebc6d34046b2a0bc9f2b3b8,15,RandomForest,0,0.4787150647444733,1
5ebc6d34046b2a0bc9f2b3b8,20,RandomForest,1,0.5863230749332474,1
5ebc6d34046b2a0bc9f2b3b8,26,RandomForest,1,0.5138667144274365,1
5ebc6d34046b2a0bc9f2b3b8,31,RandomForest,1,0.5174509656200095,1
5ebc6d34046b2a0bc9f2b3b8,36,RandomForest,0,0.4486807059119266,1
5ee4f36b9e25d52096d0edfe,4,RandomForest,1,0.5183595939593513,0
5ee4f36b9e25d52096d0edfe,10,RandomForest,0,0.40636001286185797,0
5ee4f36b9e25d52096d0edfe,15,RandomForest,0,0.4787150647444733,1
5ee4f36b9e25d52096d0edfe,20,RandomForest,1,0.5863230749332474,1
5ee4f36b9e25d52096d0edfe,26,RandomForest,1,0.5138667144274365,0
5ee4f36b9e25d52096d0edfe,31,RandomForest,1,0.5174509656200095,1
5ee4f36b9e25d52096d0edfe,36,RandomForest,0,0.4486807059119266,1
63d17cf704d2d7053d56b962,4,RandomForest,1,0.5183595939593513,1
63d17cf704d2d7053d56b962,10,RandomForest,0,0.40636001286185797,0
63d17cf704d2d7053d56b962,15,RandomForest,0,0.4787150647444733,1
63d17cf704d2d7053d56b962,20,RandomForest,1,0.5863230749332474,1
63d17cf704d2d7053d56b962,26,RandomForest,1,0.5138667144274365,1
63d17cf704d2d7053d56b962,31,RandomForest,1,0.5174509656200095,1
63d17cf704d2d7053d56b962,36,RandomForest,0,0.4486807059119266,1
