Participant,Probe,TUT,Disengage,Awareness,FMT
593890eac6aa16000101f037,1,1,2,2,4
593890eac6aa16000101f037,2,0,1,7,7
593890eac6aa16000101f037,3,0,1,7,7
593890eac6aa16000101f037,4,1,3,3,5
593890eac6aa16000101f037,5,1,2,7,5
593890eac6aa16000101f037,6,0,3,6,4
593890eac6aa16000101f037,7,0,2,6,6
596e1af7a09655000197d4bb,1,0,2,7,5
596e1af7a09655000197d4bb,2,0,2,7,5
596e1af7a09655000197d4bb,3,0,4,7,5
596e1af7a09655000197d4bb,4,0,3,6,5
596e1af7a09655000197d4bb,5,0,4,7,5
596e1af7a09655000197d4bb,6,0,1,6,5
596e1af7a09655000197d4bb,7,0,5,7,5
5af835d8e19f8c00019e6dc0,1,0,1,7,6
5af835d8e19f8c00019e6dc0,2,0,1,7,7
5af835d8e19f8c00019e6dc0,3,0,1,7,7
5af835d8e19f8c00019e6dc0,4,0,1,7,7
5af835d8e19f8c00019e6dc0,5,0,1,7,7
5af835d8e19f8c00019e6dc0,6,0,1,7,7
5af835d8e19f8c00019e6dc0,7,0,1,7,7
5b07b71c68eff50001d1c859,1,0,3,5,5
5b07b71c68eff50001d1c859,2,0,2,6,6
5b07b71c68eff50001d1c859,3,0,2,6,5
5b07b71c68eff50001d1c859,4,1,4,3,4
5b07b71c68eff50001d1c859,5,1,4,4,4
5b07b71c68eff50001d1c859,6,0,3,5,5
5b07b71c68eff50001d1c859,7,0,3,6,5
5bd7971b0aac450001f951aa,1,1,1,7,7
5bd7971b0aac450001f951aa,2,1,1,7,7
5bd7971b0aac450001f951aa,3,1,1,7,7
5bd7971b0aac450001f951aa,4,0,1,7,7
5bd7971b0aac450001f951aa,5,1,1,7,7
5bd7971b0aac450001f951aa,6,0,1,7,7
5bd7971b0aac450001f951aa,7,0,1,7,7
5c6477fe4f0ea90001782441,1,0,6,6,6
5c6477fe4f0ea90001782441,2,0,6,6,6
5c6477fe4f0ea90001782441,3,0,5,7,6
5c6477fe4f0ea90001782441,4,0,5,6,6
5c6477fe4f0ea90001782441,5,0,7,7,6
5c6477fe4f0ea90001782441,6,0,7,6,5
5c6477fe4f0ea90001782441,7,0,6,7,6
5cb568ebf0e31e0017d9bf32,1,0,1,6,6
5cb568ebf0e31e0017d9bf32,2,1,2,6,5
5cb568ebf0e31e0017d9bf32,3,0,2,5,6
5cb568ebf0e31e0017d9bf32,4,0,1,5,6
5cb568ebf0e31e0017d9bf32,5,0,3,5,5
5cb568ebf0e31e0017d9bf32,6,1,4,7,5
5cb568ebf0e31e0017d9bf32,7,0,2,5,6
5d4459c166881d001c4d5451,1,1,5,6,5
5d4459c166881d001c4d5451,2,1,5,7,3
5d4459c166881d001c4d5451,3,0,5,6,4
5d4459c166881d001c4d5451,4,1,7,6,6
5d4459c166881d001c4d5451,5,0,7,6,4
5d4459c166881d001c4d5451,6,1,5,6,5
5d4459c166881d001c4d5451,7,0,6,5,4
5d5497857aff650001a18c3c,1,1,3,5,3
5d5497857aff650001a18c3c,2,0,2,7,7
5d5497857aff650001a18c3c,3,0,1,7,4
5d5497857aff650001a18c3c,4,0,1,6,4
5d5497857aff650001a18c3c,5,0,5,7,4
5d5497857aff650001a18c3c,6,1,3,5,5
5d5497857aff650001a18c3c,7,0,2,7,3
5d79375d794d900017671c07,1,0,2,5,2
5d79375d794d900017671c07,2,0,1,5,2
5d79375d794d900017671c07,3,0,1,5,2
5d79375d794d900017671c07,4,0,1,5,2
5d79375d794d900017671c07,5,0,1,5,2
5d79375d794d900017671c07,6,1,1,6,2
5d79375d794d900017671c07,7,0,1,6,2
5dcc27974b54778b69e62ec5,1,1,4,3,4
5dcc27974b54778b69e62ec5,2,0,3,5,5
5dcc27974b54778b69e62ec5,3,0,2,3,4
5dcc27974b54778b69e62ec5,4,1,3,2,5
5dcc27974b54778b69e62ec5,5,0,3,5,4
5dcc27974b54778b69e62ec5,6,0,5,6,2
5dcc27974b54778b69e62ec5,7,1,4,6,5
5dce29700ad506063969a4a5,1,0,1,6,6
5dce29700ad506063969a4a5,2,0,1,6,7
5dce29700ad506063969a4a5,3,0,1,6,6
5dce29700ad506063969a4a5,4,0,2,5,5
5dce29700ad506063969a4a5,5,0,1,7,6
5dce29700ad506063969a4a5,6,0,1,6,6
5dce29700ad506063969a4a5,7,0,1,6,6
5df861926aab7c5f659dfd85,1,1,1,6,4
5df861926aab7c5f659dfd85,2,0,1,5,2
5df861926aab7c5f659dfd85,3,0,2,5,2
5df861926aab7c5f659dfd85,4,1,1,4,3
5df861926aab7c5f659dfd85,5,0,1,5,2
5df861926aab7c5f659dfd85,6,1,1,6,2
5df861926aab7c5f659dfd85,7,1,1,6,3
5e26341c63251a881e185ecf,1,1,1,6,4
5e26341c63251a881e185ecf,2,0,1,7,6
5e26341c63251a881e185ecf,3,0,1,7,6
5e26341c63251a881e185ecf,4,1,4,6,4
5e26341c63251a881e185ecf,5,0,2,7,6
5e26341c63251a881e185ecf,6,0,2,6,6
5e26341c63251a881e185ecf,7,0,2,7,6
5e3040a2d1a553000cc9147b,1,0,2,7,7
5e3040a2d1a553000cc9147b,2,0,1,7,6
5e3040a2d1a553000cc9147b,3,0,2,6,7
5e3040a2d1a553000cc9147b,4,0,2,7,7
5e3040a2d1a553000cc9147b,5,0,1,7,7
5e3040a2d1a553000cc9147b,6,0,1,7,7
5e3040a2d1a553000cc9147b,7,0,1,7,7
5e49fd714535c4462d04dcd7,1,0,2,5,3
5e49fd714535c4462d04dcd7,2,0,3,4,6
5e49fd714535c4462d04dcd7,3,1,4,7,6
5e49fd714535c4462d04dcd7,4,1,2,5,6
5e49fd714535c4462d04dcd7,5,1,2,6,7
5e49fd714535c4462d04dcd7,6,1,1,7,7
5e49fd714535c4462d04dcd7,7,0,2,7,6
5e7a5c9d7567f003b57b85e9,1,1,7,5,4
5e7a5c9d7567f003b57b85e9,2,1,6,5,6
5e7a5c9d7567f003b57b85e9,3,0,3,7,2
5e7a5c9d7567f003b57b85e9,4,1,7,7,6
5e7a5c9d7567f003b57b85e9,5,1,5,5,3
5e7a5c9d7567f003b57b85e9,6,1,4,7,4
5e7a5c9d7567f003b57b85e9,7,0,1,7,2
5e83bb0601aa8c11929fa6d4,1,0,3,6,2
5e83bb0601aa8c11929fa6d4,2,0,2,6,4
5e83bb0601aa8c11929fa6d4,3,0,2,6,3
5e83bb0601aa8c11929fa6d4,4,1,2,5,2
5e83bb0601aa8c11929fa6d4,5,0,3,6,2
5e83bb0601aa8c11929fa6d4,6,0,3,6,3
5e83bb0601aa8c11929fa6d4,7,0,2,6,3
5e9f70a9eec34b1108c84413,1,1,3,5,3
5e9f70a9eec34b1108c84413,2,0,2,3,3
5e9f70a9eec34b1108c84413,3,1,4,3,4
5e9f70a9eec34b1108c84413,4,0,3,3,3
5e9f70a9eec34b1108c84413,5,0,2,2,2
5e9f70a9eec34b1108c84413,6,1,3,3,4
5e9f70a9eec34b1108c84413,7,0,2,2,2
5edd1133213f7a077ee2709b,1,0,5,7,2
5edd1133213f7a077ee2709b,2,0,6,7,2
5edd1133213f7a077ee2709b,3,0,4,7,2
5edd1133213f7a077ee2709b,4,0,4,7,2
5edd1133213f7a077ee2709b,5,1,5,6,4
5edd1133213f7a077ee2709b,6,0,4,7,4
5edd1133213f7a077ee2709b,7,1,3,7,5
5eebc46343ee1b16159a1c8e,1,0,1,1,1
5eebc46343ee1b16159a1c8e,2,0,1,1,1
5eebc46343ee1b16159a1c8e,3,0,1,1,1
5eebc46343ee1b16159a1c8e,4,0,1,1,1
5eebc46343ee1b16159a1c8e,5,0,1,1,1
5eebc46343ee1b16159a1c8e,6,0,1,1,1
5eebc46343ee1b16159a1c8e,7,0,1,1,1
5f201aabcbe8bf04a0ae4a1f,1,1,1,1,1
5f201aabcbe8bf04a0ae4a1f,2,1,1,1,1
5f201aabcbe8bf04a0ae4a1f,3,1,1,1,1
5f201aabcbe8bf04a0ae4a1f,4,1,1,1,1
5f201aabcbe8bf04a0ae4a1f,5,1,1,1,1
5f201aabcbe8bf04a0ae4a1f,6,1,1,1,1
5f201aabcbe8bf04a0ae4a1f,7,1,1,1,1
5f29d9582a2fc9166092ebe5,1,1,2,6,3
5f29d9582a2fc9166092ebe5,2,0,5,6,2
5f29d9582a2fc9166092ebe5,3,1,4,6,3
5f29d9582a2fc9166092ebe5,4,1,3,4,4
5f29d9582a2fc9166092ebe5,5,1,2,5,3
5f29d9582a2fc9166092ebe5,6,1,3,4,4
5f29d9582a2fc9166092ebe5,7,0,2,2,2
5f42eec40c24ac531d4ca24a,1,1,5,5,2
5f42eec40c24ac531d4ca24a,2,0,1,3,3
5f42eec40c24ac531d4ca24a,3,1,3,6,4
5f42eec40c24ac531d4ca24a,4,1,7,2,1
5f42eec40c24ac531d4ca24a,5,0,3,3,2
5f42eec40c24ac531d4ca24a,6,0,4,1,2
5f42eec40c24ac531d4ca24a,7,1,3,5,1
5f49806859401418f7ec6764,1,0,6,4,4
5f49806859401418f7ec6764,2,0,6,5,6
5f49806859401418f7ec6764,3,1,6,6,4
5f49806859401418f7ec6764,4,0,6,5,6
5f49806859401418f7ec6764,5,1,3,5,5
5f49806859401418f7ec6764,6,1,2,4,5
5f49806859401418f7ec6764,7,0,2,5,5
6026d1eca0c0d1400dcfbbd6,1,0,1,4,3
6026d1eca0c0d1400dcfbbd6,2,0,1,3,2
6026d1eca0c0d1400dcfbbd6,3,0,1,2,2
6026d1eca0c0d1400dcfbbd6,4,0,2,1,2
6026d1eca0c0d1400dcfbbd6,5,0,1,1,2
6026d1eca0c0d1400dcfbbd6,6,0,2,2,2
6026d1eca0c0d1400dcfbbd6,7,0,2,2,2
60493e65aba91587246602a2,1,1,1,7,5
60493e65aba91587246602a2,2,0,1,7,2
60493e65aba91587246602a2,3,0,1,7,2
60493e65aba91587246602a2,4,0,2,5,3
60493e65aba91587246602a2,5,0,2,6,3
60493e65aba91587246602a2,6,1,3,6,3
60493e65aba91587246602a2,7,0,2,5,2
607dc33d82a84f39fad3a86b,1,1,3,1,4
607dc33d82a84f39fad3a86b,2,0,1,7,7
607dc33d82a84f39fad3a86b,3,1,1,4,4
607dc33d82a84f39fad3a86b,4,1,1,1,7
607dc33d82a84f39fad3a86b,5,0,1,1,1
607dc33d82a84f39fad3a86b,6,0,7,1,1
607dc33d82a84f39fad3a86b,7,1,7,1,7
60ad06d89fffbb9b853454be,1,0,1,2,4
60ad06d89fffbb9b853454be,2,1,3,5,7
60ad06d89fffbb9b853454be,3,1,5,5,5
60ad06d89fffbb9b853454be,4,0,1,3,1
60ad06d89fffbb9b853454be,5,0,1,1,1
60ad06d89fffbb9b853454be,6,1,2,4,6
60ad06d89fffbb9b853454be,7,0,1,7,1
60b7c559803665ec56ca8b2c,1,0,6,7,7
60b7c559803665ec56ca8b2c,2,0,7,7,7
60b7c559803665ec56ca8b2c,3,0,7,7,7
60b7c559803665ec56ca8b2c,4,0,7,7,7
60b7c559803665ec56ca8b2c,5,0,7,7,7
60b7c559803665ec56ca8b2c,6,0,7,7,7
60b7c559803665ec56ca8b2c,7,0,7,7,7
60c2fa3c3cdfb91887edd7ce,1,1,3,6,6
60c2fa3c3cdfb91887edd7ce,2,1,2,5,5
60c2fa3c3cdfb91887edd7ce,3,0,3,5,4
60c2fa3c3cdfb91887edd7ce,4,0,4,5,4
60c2fa3c3cdfb91887edd7ce,5,0,4,6,4
60c2fa3c3cdfb91887edd7ce,6,1,3,5,4
60c2fa3c3cdfb91887edd7ce,7,1,3,4,4
60d3c657c0c29336f3a3c52d,1,1,1,6,2
60d3c657c0c29336f3a3c52d,2,0,1,7,1
60d3c657c0c29336f3a3c52d,3,1,1,3,1
60d3c657c0c29336f3a3c52d,4,1,1,7,1
60d3c657c0c29336f3a3c52d,5,0,1,5,1
60d3c657c0c29336f3a3c52d,6,0,1,7,1
60d3c657c0c29336f3a3c52d,7,1,1,4,1
60dfa0f80964725cfdab1685,1,0,1,7,7
60dfa0f80964725cfdab1685,2,0,1,7,7
60dfa0f80964725cfdab1685,3,0,1,7,7
60dfa0f80964725cfdab1685,4,0,1,7,7
60dfa0f80964725cfdab1685,5,1,1,7,7
60dfa0f80964725cfdab1685,6,0,1,7,7
60dfa0f80964725cfdab1685,7,0,1,7,7
60dfdb8bbef17b6739d12215,1,1,3,7,3
60dfdb8bbef17b6739d12215,2,0,1,7,1
60dfdb8bbef17b6739d12215,3,0,1,7,1
60dfdb8bbef17b6739d12215,4,0,1,7,1
60dfdb8bbef17b6739d12215,5,1,2,5,2
60dfdb8bbef17b6739d12215,6,0,1,7,1
60dfdb8bbef17b6739d12215,7,1,2,2,2
60e36d56350e661cf50f2c7e,1,0,3,7,5
60e36d56350e661cf50f2c7e,2,0,1,3,1
60e36d56350e661cf50f2c7e,3,0,2,3,1
60e36d56350e661cf50f2c7e,4,0,1,3,1
60e36d56350e661cf50f2c7e,5,1,1,4,2
60e36d56350e661cf50f2c7e,6,1,1,5,4
60e36d56350e661cf50f2c7e,7,0,1,3,2
60e498712f548b22f3ec7c65,1,1,4,7,4
60e498712f548b22f3ec7c65,2,1,3,7,5
60e498712f548b22f3ec7c65,3,1,4,6,6
60e498712f548b22f3ec7c65,4,1,3,7,5
60e498712f548b22f3ec7c65,5,1,5,6,5
60e498712f548b22f3ec7c65,6,1,3,6,7
60e498712f548b22f3ec7c65,7,1,4,6,5
60f8adb9a315f316c3aee425,1,0,1,2,2
60f8adb9a315f316c3aee425,2,0,1,1,1
60f8adb9a315f316c3aee425,3,0,1,1,1
60f8adb9a315f316c3aee425,4,0,1,2,2
60f8adb9a315f316c3aee425,5,1,2,2,2
60f8adb9a315f316c3aee425,6,1,2,3,3
60f8adb9a315f316c3aee425,7,0,2,3,2
60fcd0f990314dce9c243fef,1,0,5,4,5
60fcd0f990314dce9c243fef,2,0,5,3,6
60fcd0f990314dce9c243fef,3,0,6,6,6
60fcd0f990314dce9c243fef,4,0,6,5,7
60fcd0f990314dce9c243fef,5,0,6,3,5
60fcd0f990314dce9c243fef,6,0,3,7,5
60fcd0f990314dce9c243fef,7,0,6,7,7
60ff07f922e9fa09d90159a1,1,0,5,5,4
60ff07f922e9fa09d90159a1,2,1,5,6,5
60ff07f922e9fa09d90159a1,3,0,3,4,4
60ff07f922e9fa09d90159a1,4,1,5,5,5
60ff07f922e9fa09d90159a1,5,0,4,3,4
60ff07f922e9fa09d90159a1,6,0,5,4,4
60ff07f922e9fa09d90159a1,7,0,5,4,3
61071ee0d98a6df6efb59716,1,0,7,6,5
61071ee0d98a6df6efb59716,2,0,3,5,3
61071ee0d98a6df6efb59716,3,0,3,4,5
61071ee0d98a6df6efb59716,4,0,3,4,4
61071ee0d98a6df6efb59716,5,0,2,4,4
61071ee0d98a6df6efb59716,6,0,3,4,4
61071ee0d98a6df6efb59716,7,0,3,3,4
61088c529cff73b187d19e6d,1,1,3,7,4
61088c529cff73b187d19e6d,2,1,5,7,3
61088c529cff73b187d19e6d,3,1,5,7,3
61088c529cff73b187d19e6d,4,1,3,7,2
61088c529cff73b187d19e6d,5,0,2,7,1
61088c529cff73b187d19e6d,6,0,3,7,2
61088c529cff73b187d19e6d,7,1,5,6,5
610c4e668fad041dbcf2079b,1,1,7,7,7
610c4e668fad041dbcf2079b,2,0,3,7,3
610c4e668fad041dbcf2079b,3,1,7,7,7
610c4e668fad041dbcf2079b,4,1,5,7,5
610c4e668fad041dbcf2079b,5,1,7,7,7
610c4e668fad041dbcf2079b,6,1,5,5,7
610c4e668fad041dbcf2079b,7,0,3,4,3
6121aaee9d29f0c6e3bc8bea,1,1,7,7,5
6121aaee9d29f0c6e3bc8bea,2,1,7,7,6
6121aaee9d29f0c6e3bc8bea,3,1,7,7,6
6121aaee9d29f0c6e3bc8bea,4,1,7,7,6
6121aaee9d29f0c6e3bc8bea,5,1,7,7,6
6121aaee9d29f0c6e3bc8bea,6,1,7,7,7
6121aaee9d29f0c6e3bc8bea,7,1,7,7,7
6138f7e0ad42e592ca5f2024,1,0,1,4,5
6138f7e0ad42e592ca5f2024,2,0,4,7,6
6138f7e0ad42e592ca5f2024,3,0,4,7,5
6138f7e0ad42e592ca5f2024,4,0,4,3,4
6138f7e0ad42e592ca5f2024,5,0,3,7,4
6138f7e0ad42e592ca5f2024,6,0,6,7,6
6138f7e0ad42e592ca5f2024,7,0,3,7,6
6140e85de611a8d1aa7ebc12,1,0,5,3,3
6140e85de611a8d1aa7ebc12,2,0,6,4,4
6140e85de611a8d1aa7ebc12,3,0,4,2,3
6140e85de611a8d1aa7ebc12,4,1,6,6,6
6140e85de611a8d1aa7ebc12,5,1,7,7,7
6140e85de611a8d1aa7ebc12,6,1,7,6,6
6140e85de611a8d1aa7ebc12,7,1,6,6,6
6145a88c94a2c86532d36b0f,1,1,4,2,3
6145a88c94a2c86532d36b0f,2,0,3,2,2
6145a88c94a2c86532d36b0f,3,1,3,4,4
6145a88c94a2c86532d36b0f,4,0,2,1,2
6145a88c94a2c86532d36b0f,5,0,2,2,2
6145a88c94a2c86532d36b0f,6,1,2,1,5
6145a88c94a2c86532d36b0f,7,0,2,3,2
6148f3d1074988c7852c1774,1,0,2,6,2
6148f3d1074988c7852c1774,2,0,2,3,3
6148f3d1074988c7852c1774,3,0,3,4,4
6148f3d1074988c7852c1774,4,0,3,3,3
6148f3d1074988c7852c1774,5,1,2,4,4
6148f3d1074988c7852c1774,6,0,2,3,2
6148f3d1074988c7852c1774,7,0,2,3,3
615a084387075364a7462335,1,0,1,2,2
615a084387075364a7462335,2,0,2,2,3
615a084387075364a7462335,3,1,2,3,4
615a084387075364a7462335,4,1,4,3,3
615a084387075364a7462335,5,0,2,2,2
615a084387075364a7462335,6,1,3,2,2
615a084387075364a7462335,7,0,2,2,2
622a4950fe920c5a243b8b8c,1,0,2,7,3
622a4950fe920c5a243b8b8c,2,0,2,7,3
622a4950fe920c5a243b8b8c,3,1,1,2,2
622a4950fe920c5a243b8b8c,4,1,1,4,2
622a4950fe920c5a243b8b8c,5,0,1,7,1
622a4950fe920c5a243b8b8c,6,1,1,7,3
622a4950fe920c5a243b8b8c,7,0,1,6,2
62695a9549ef754a8767ab71,1,1,1,7,2
62695a9549ef754a8767ab71,2,0,1,7,1
62695a9549ef754a8767ab71,3,0,1,7,1
62695a9549ef754a8767ab71,4,1,1,7,1
62695a9549ef754a8767ab71,5,0,1,1,1
62695a9549ef754a8767ab71,6,0,1,1,1
62695a9549ef754a8767ab71,7,0,1,1,1
628e565e37a823270e7c996e,1,1,7,7,6
628e565e37a823270e7c996e,2,1,5,5,7
628e565e37a823270e7c996e,3,0,1,7,1
628e565e37a823270e7c996e,4,1,7,7,7
628e565e37a823270e7c996e,5,1,1,7,6
628e565e37a823270e7c996e,6,1,6,5,6
628e565e37a823270e7c996e,7,1,7,7,7
6294de1b341cd20e308d1a4a,1,1,4,6,5
6294de1b341cd20e308d1a4a,2,0,3,4,4
6294de1b341cd20e308d1a4a,3,1,5,5,6
6294de1b341cd20e308d1a4a,4,1,5,4,5
6294de1b341cd20e308d1a4a,5,0,4,6,4
6294de1b341cd20e308d1a4a,6,0,3,4,3
6294de1b341cd20e308d1a4a,7,1,5,4,4
62a74daa695f792361470dd1,1,0,2,3,3
62a74daa695f792361470dd1,2,0,3,3,2
62a74daa695f792361470dd1,3,1,2,4,4
62a74daa695f792361470dd1,4,1,5,4,4
62a74daa695f792361470dd1,5,1,6,4,1
62a74daa695f792361470dd1,6,0,4,3,3
62a74daa695f792361470dd1,7,0,4,4,3
62b7a7e776f241c59cf27ac9,1,0,1,5,3
62b7a7e776f241c59cf27ac9,2,0,1,4,2
62b7a7e776f241c59cf27ac9,3,0,1,1,3
62b7a7e776f241c59cf27ac9,4,0,1,3,1
62b7a7e776f241c59cf27ac9,5,0,1,2,1
62b7a7e776f241c59cf27ac9,6,1,1,3,2
62b7a7e776f241c59cf27ac9,7,0,1,1,2
62c8ce353a6e2dd3977a4fef,1,0,3,6,2
62c8ce353a6e2dd3977a4fef,2,0,5,6,5
62c8ce353a6e2dd3977a4fef,3,1,2,5,6
62c8ce353a6e2dd3977a4fef,4,1,6,1,6
62c8ce353a6e2dd3977a4fef,5,0,4,6,5
62c8ce353a6e2dd3977a4fef,6,0,5,6,5
62c8ce353a6e2dd3977a4fef,7,0,5,6,5
62cd8af88ff531583cbd24a9,1,1,7,5,5
62cd8af88ff531583cbd24a9,2,0,6,3,6
62cd8af88ff531583cbd24a9,3,0,6,3,5
62cd8af88ff531583cbd24a9,4,1,4,1,3
62cd8af88ff531583cbd24a9,5,1,5,1,7
62cd8af88ff531583cbd24a9,6,0,2,2,2
62cd8af88ff531583cbd24a9,7,1,5,5,6
62e0010a466c578a0123e186,1,0,4,6,5
62e0010a466c578a0123e186,2,1,5,6,5
62e0010a466c578a0123e186,3,1,5,4,4
62e0010a466c578a0123e186,4,1,4,4,3
62e0010a466c578a0123e186,5,1,4,4,5
62e0010a466c578a0123e186,6,1,4,5,4
62e0010a466c578a0123e186,7,1,6,4,4
62e097c92160176b0b9c2619,1,0,2,6,6
62e097c92160176b0b9c2619,2,0,1,7,7
62e097c92160176b0b9c2619,3,0,1,6,6
62e097c92160176b0b9c2619,4,0,3,5,4
62e097c92160176b0b9c2619,5,0,4,7,6
62e097c92160176b0b9c2619,6,0,6,7,4
62e097c92160176b0b9c2619,7,0,7,7,5
632100c39d4c93aa71d32feb,1,1,3,5,4
632100c39d4c93aa71d32feb,2,0,1,5,3
632100c39d4c93aa71d32feb,3,1,3,4,4
632100c39d4c93aa71d32feb,4,1,3,6,5
632100c39d4c93aa71d32feb,5,1,3,5,4
632100c39d4c93aa71d32feb,6,0,2,6,3
632100c39d4c93aa71d32feb,7,0,2,6,2
6321da5de806efad3e53163f,1,0,1,7,7
6321da5de806efad3e53163f,2,0,1,7,7
6321da5de806efad3e53163f,3,0,1,7,7
6321da5de806efad3e53163f,4,0,1,7,7
6321da5de806efad3e53163f,5,0,1,7,7
6321da5de806efad3e53163f,6,0,1,7,7
6321da5de806efad3e53163f,7,0,1,7,7
559cb12dfdf99b4989fb18ed,1,0,7,7,7
559cb12dfdf99b4989fb18ed,2,0,7,7,7
559cb12dfdf99b4989fb18ed,3,0,7,7,7
559cb12dfdf99b4989fb18ed,4,0,7,7,7
559cb12dfdf99b4989fb18ed,5,0,7,7,7
559cb12dfdf99b4989fb18ed,6,0,7,7,7
559cb12dfdf99b4989fb18ed,7,0,7,7,7
559e6830fdf99b4f0b98514a,1,0,1,7,1
559e6830fdf99b4f0b98514a,2,0,1,7,1
559e6830fdf99b4f0b98514a,3,0,1,7,1
559e6830fdf99b4f0b98514a,4,0,1,7,1
559e6830fdf99b4f0b98514a,5,0,1,7,1
559e6830fdf99b4f0b98514a,6,0,1,7,1
559e6830fdf99b4f0b98514a,7,0,1,7,1
55a47692fdf99b126e625257,1,0,1,4,3
55a47692fdf99b126e625257,2,0,1,4,2
55a47692fdf99b126e625257,3,0,1,1,1
55a47692fdf99b126e625257,4,0,1,1,1
55a47692fdf99b126e625257,5,0,1,1,1
55a47692fdf99b126e625257,6,0,1,1,1
55a47692fdf99b126e625257,7,0,1,1,1
561bbdf9811d22000df3138a,1,0,3,7,3
561bbdf9811d22000df3138a,2,0,4,7,5
561bbdf9811d22000df3138a,3,0,3,7,2
561bbdf9811d22000df3138a,4,0,3,7,4
561bbdf9811d22000df3138a,5,0,6,7,2
561bbdf9811d22000df3138a,6,0,5,7,2
561bbdf9811d22000df3138a,7,1,3,7,3
56210effed6e5a000ac7f3a5,1,0,7,2,5
56210effed6e5a000ac7f3a5,2,0,4,5,6
56210effed6e5a000ac7f3a5,3,0,6,2,4
56210effed6e5a000ac7f3a5,4,0,4,5,6
56210effed6e5a000ac7f3a5,5,0,5,3,4
56210effed6e5a000ac7f3a5,6,0,5,3,4
56210effed6e5a000ac7f3a5,7,0,4,6,3
565bff58c121fe0005fc390d,1,0,4,7,7
565bff58c121fe0005fc390d,2,1,1,3,4
565bff58c121fe0005fc390d,3,1,7,7,7
565bff58c121fe0005fc390d,4,0,5,7,7
565bff58c121fe0005fc390d,5,0,7,7,7
565bff58c121fe0005fc390d,6,1,3,2,5
565bff58c121fe0005fc390d,7,0,7,7,7
5680253fc5767f00121cc5e2,1,0,4,5,4
5680253fc5767f00121cc5e2,2,0,3,6,3
5680253fc5767f00121cc5e2,3,1,6,3,6
5680253fc5767f00121cc5e2,4,0,3,5,3
5680253fc5767f00121cc5e2,5,0,3,6,3
5680253fc5767f00121cc5e2,6,0,3,6,3
5680253fc5767f00121cc5e2,7,0,4,5,4
5685850c333cbd000d4e042f,1,1,3,5,2
5685850c333cbd000d4e042f,2,1,2,4,3
5685850c333cbd000d4e042f,3,1,5,5,5
5685850c333cbd000d4e042f,4,0,1,2,1
5685850c333cbd000d4e042f,5,1,4,4,3
5685850c333cbd000d4e042f,6,1,4,6,4
5685850c333cbd000d4e042f,7,1,7,3,5
569298838d93fe000dfa033c,1,0,1,7,7
569298838d93fe000dfa033c,2,0,1,7,7
569298838d93fe000dfa033c,3,0,1,7,7
569298838d93fe000dfa033c,4,1,1,7,7
569298838d93fe000dfa033c,5,0,1,7,7
569298838d93fe000dfa033c,6,0,1,7,7
569298838d93fe000dfa033c,7,0,1,7,7
5692e00c8d93fe000efa0459,1,1,2,6,5
5692e00c8d93fe000efa0459,2,0,1,6,2
5692e00c8d93fe000efa0459,3,0,2,5,4
5692e00c8d93fe000efa0459,4,1,3,6,6
5692e00c8d93fe000efa0459,5,0,2,6,6
5692e00c8d93fe000efa0459,6,0,2,5,6
5692e00c8d93fe000efa0459,7,0,2,4,6
5694e7b5e0c800000b5a3841,1,0,1,7,7
5694e7b5e0c800000b5a3841,2,0,1,7,2
5694e7b5e0c800000b5a3841,3,0,4,7,3
5694e7b5e0c800000b5a3841,4,0,2,7,3
5694e7b5e0c800000b5a3841,5,0,2,6,3
5694e7b5e0c800000b5a3841,6,0,3,7,3
5694e7b5e0c800000b5a3841,7,0,2,6,4
56bd7bf3d4e2180005a86846,1,0,3,4,1
56bd7bf3d4e2180005a86846,2,0,3,3,1
56bd7bf3d4e2180005a86846,3,0,2,3,1
56bd7bf3d4e2180005a86846,4,0,1,2,1
56bd7bf3d4e2180005a86846,5,0,1,1,1
56bd7bf3d4e2180005a86846,6,0,1,2,1
56bd7bf3d4e2180005a86846,7,0,1,1,1
56cc78e3ccc0e20006b82a7d,1,0,1,7,7
56cc78e3ccc0e20006b82a7d,2,0,1,7,6
56cc78e3ccc0e20006b82a7d,3,0,1,7,7
56cc78e3ccc0e20006b82a7d,4,0,1,5,7
56cc78e3ccc0e20006b82a7d,5,0,1,7,7
56cc78e3ccc0e20006b82a7d,6,0,1,7,7
56cc78e3ccc0e20006b82a7d,7,0,1,6,6
56e130548b1c33000a388671,1,0,3,7,1
56e130548b1c33000a388671,2,1,3,7,5
56e130548b1c33000a388671,3,0,1,7,1
56e130548b1c33000a388671,4,1,5,5,7
56e130548b1c33000a388671,5,0,1,7,1
56e130548b1c33000a388671,6,0,1,7,1
56e130548b1c33000a388671,7,1,4,7,7
56fa002e8425ef000b3a4276,1,0,1,1,5
56fa002e8425ef000b3a4276,2,0,2,1,1
56fa002e8425ef000b3a4276,3,0,1,1,1
56fa002e8425ef000b3a4276,4,0,1,1,1
56fa002e8425ef000b3a4276,5,0,1,1,1
56fa002e8425ef000b3a4276,6,0,1,1,1
56fa002e8425ef000b3a4276,7,0,1,1,1
570521cfde5095001018a0c8,1,1,3,3,5
570521cfde5095001018a0c8,2,0,7,6,7
570521cfde5095001018a0c8,3,1,6,2,5
570521cfde5095001018a0c8,4,1,4,3,4
570521cfde5095001018a0c8,5,1,2,5,6
570521cfde5095001018a0c8,6,0,1,7,7
570521cfde5095001018a0c8,7,1,4,5,6
5732a7595bb657000f727f02,1,0,1,2,1
5732a7595bb657000f727f02,2,0,3,4,2
5732a7595bb657000f727f02,3,0,1,2,1
5732a7595bb657000f727f02,4,0,2,5,3
5732a7595bb657000f727f02,5,0,1,2,1
5732a7595bb657000f727f02,6,0,1,2,1
5732a7595bb657000f727f02,7,0,1,4,1
57864d24900cc80001d2de56,1,1,5,4,7
57864d24900cc80001d2de56,2,0,7,1,5
57864d24900cc80001d2de56,3,0,7,2,6
57864d24900cc80001d2de56,4,0,5,4,3
57864d24900cc80001d2de56,5,1,6,1,3
57864d24900cc80001d2de56,6,1,7,7,5
57864d24900cc80001d2de56,7,1,6,7,6
57d0a0bee3221e00015fe385,1,0,1,6,2
57d0a0bee3221e00015fe385,2,0,1,3,2
57d0a0bee3221e00015fe385,3,0,1,3,2
57d0a0bee3221e00015fe385,4,1,1,5,3
57d0a0bee3221e00015fe385,5,0,1,2,1
57d0a0bee3221e00015fe385,6,1,1,4,3
57d0a0bee3221e00015fe385,7,0,1,4,4
58380cb9f1faf8000129673a,1,0,4,3,3
58380cb9f1faf8000129673a,2,0,5,3,2
58380cb9f1faf8000129673a,3,0,3,5,4
58380cb9f1faf8000129673a,4,0,2,2,2
58380cb9f1faf8000129673a,5,0,2,4,2
58380cb9f1faf8000129673a,6,0,3,2,2
58380cb9f1faf8000129673a,7,0,2,3,4
588021688e1ad5000142dfdf,1,0,4,6,3
588021688e1ad5000142dfdf,2,1,6,7,2
588021688e1ad5000142dfdf,3,0,6,7,1
588021688e1ad5000142dfdf,4,1,6,6,3
588021688e1ad5000142dfdf,5,1,5,7,3
588021688e1ad5000142dfdf,6,1,3,6,2
588021688e1ad5000142dfdf,7,0,2,7,1
58935d5d4d77be0001689f14,1,0,3,7,4
58935d5d4d77be0001689f14,2,0,1,5,4
58935d5d4d77be0001689f14,3,1,4,6,5
58935d5d4d77be0001689f14,4,0,1,3,2
58935d5d4d77be0001689f14,5,0,6,6,1
58935d5d4d77be0001689f14,6,1,1,7,5
58935d5d4d77be0001689f14,7,0,6,6,1
58d2cb10f5899100018a05b8,1,0,6,6,1
58d2cb10f5899100018a05b8,2,0,5,7,2
58d2cb10f5899100018a05b8,3,1,3,6,4
58d2cb10f5899100018a05b8,4,0,2,7,1
58d2cb10f5899100018a05b8,5,1,3,3,5
58d2cb10f5899100018a05b8,6,0,5,6,1
58d2cb10f5899100018a05b8,7,0,6,7,2
58d7896b4240e5000118f705,1,0,1,1,3
58d7896b4240e5000118f705,2,0,2,2,3
58d7896b4240e5000118f705,3,1,4,5,5
58d7896b4240e5000118f705,4,1,3,4,4
58d7896b4240e5000118f705,5,1,5,6,6
58d7896b4240e5000118f705,6,0,1,2,2
58d7896b4240e5000118f705,7,0,1,1,1
58e79ac632bebb0001b741ec,1,0,6,6,5
58e79ac632bebb0001b741ec,2,0,6,4,3
58e79ac632bebb0001b741ec,3,1,4,6,6
58e79ac632bebb0001b741ec,4,0,5,4,2
58e79ac632bebb0001b741ec,5,0,6,6,3
58e79ac632bebb0001b741ec,6,0,2,6,5
58e79ac632bebb0001b741ec,7,0,3,6,6
592bb32c943e670001cde123,1,1,3,2,4
592bb32c943e670001cde123,2,0,3,6,5
592bb32c943e670001cde123,3,0,2,5,4
592bb32c943e670001cde123,4,0,2,5,4
592bb32c943e670001cde123,5,0,2,7,3
592bb32c943e670001cde123,6,1,3,2,6
592bb32c943e670001cde123,7,0,4,5,4
598ba20f716a2c000187ce01,1,1,1,4,3
598ba20f716a2c000187ce01,2,0,1,7,6
598ba20f716a2c000187ce01,3,0,1,7,7
598ba20f716a2c000187ce01,4,1,3,7,3
598ba20f716a2c000187ce01,5,1,2,6,3
598ba20f716a2c000187ce01,6,0,1,7,4
598ba20f716a2c000187ce01,7,0,1,6,2
5993020a5f49420001caf86b,1,0,2,5,4
5993020a5f49420001caf86b,2,1,3,6,4
5993020a5f49420001caf86b,3,0,2,6,4
5993020a5f49420001caf86b,4,1,2,6,3
5993020a5f49420001caf86b,5,0,3,3,3
5993020a5f49420001caf86b,6,0,3,3,3
5993020a5f49420001caf86b,7,0,3,4,3
5999a1096b939900012da1c7,1,0,4,7,2
5999a1096b939900012da1c7,2,0,4,7,4
5999a1096b939900012da1c7,3,0,2,7,1
5999a1096b939900012da1c7,4,0,4,7,3
5999a1096b939900012da1c7,5,1,3,5,5
5999a1096b939900012da1c7,6,0,5,7,3
5999a1096b939900012da1c7,7,0,4,7,4
59f226a9d6380600018b2923,1,0,2,3,3
59f226a9d6380600018b2923,2,0,4,4,4
59f226a9d6380600018b2923,3,0,3,4,3
59f226a9d6380600018b2923,4,0,3,4,3
59f226a9d6380600018b2923,5,0,4,5,3
59f226a9d6380600018b2923,6,0,4,5,3
59f226a9d6380600018b2923,7,0,4,5,2
5a08c9a7f2e3460001edb063,1,0,3,2,2
5a08c9a7f2e3460001edb063,2,0,3,3,2
5a08c9a7f2e3460001edb063,3,0,3,2,3
5a08c9a7f2e3460001edb063,4,0,4,2,4
5a08c9a7f2e3460001edb063,5,0,3,4,3
5a08c9a7f2e3460001edb063,6,1,4,4,4
5a08c9a7f2e3460001edb063,7,0,5,4,4
5a4444fc56ec1100014a29e1,1,1,3,5,4
5a4444fc56ec1100014a29e1,2,0,2,6,3
5a4444fc56ec1100014a29e1,3,1,2,3,5
5a4444fc56ec1100014a29e1,4,1,3,4,4
5a4444fc56ec1100014a29e1,5,0,2,4,2
5a4444fc56ec1100014a29e1,6,1,2,4,5
5a4444fc56ec1100014a29e1,7,0,1,4,5
5a57cb50acc75b00017a2b01,1,0,4,3,3
5a57cb50acc75b00017a2b01,2,1,3,2,3
5a57cb50acc75b00017a2b01,3,0,3,2,3
5a57cb50acc75b00017a2b01,4,1,3,4,4
5a57cb50acc75b00017a2b01,5,0,3,5,5
5a57cb50acc75b00017a2b01,6,0,3,5,6
5a57cb50acc75b00017a2b01,7,0,2,6,4
5a69794e31b87a0001c76690,1,0,1,4,3
5a69794e31b87a0001c76690,2,0,1,3,4
5a69794e31b87a0001c76690,3,1,1,3,3
5a69794e31b87a0001c76690,4,1,2,4,4
5a69794e31b87a0001c76690,5,0,1,4,3
5a69794e31b87a0001c76690,6,0,1,4,4
5a69794e31b87a0001c76690,7,0,1,4,3
5a78b8355292b800012284ca,1,0,6,4,4
5a78b8355292b800012284ca,2,0,3,1,1
5a78b8355292b800012284ca,3,0,2,3,2
5a78b8355292b800012284ca,4,0,3,1,1
5a78b8355292b800012284ca,5,0,4,3,3
5a78b8355292b800012284ca,6,0,1,1,1
5a78b8355292b800012284ca,7,0,1,1,1
5a8b1ee2000dab00018cc7cd,1,1,3,7,4
5a8b1ee2000dab00018cc7cd,2,1,1,7,2
5a8b1ee2000dab00018cc7cd,3,0,1,6,1
5a8b1ee2000dab00018cc7cd,4,1,2,7,3
5a8b1ee2000dab00018cc7cd,5,1,1,6,1
5a8b1ee2000dab00018cc7cd,6,0,1,7,1
5a8b1ee2000dab00018cc7cd,7,0,1,7,1
5a8d8079190420000156435d,1,0,2,7,3
5a8d8079190420000156435d,2,0,1,7,2
5a8d8079190420000156435d,3,0,1,7,2
5a8d8079190420000156435d,4,0,1,4,4
5a8d8079190420000156435d,5,0,2,5,3
5a8d8079190420000156435d,6,1,6,7,5
5a8d8079190420000156435d,7,0,2,3,2
5aa83a71f6dfdd0001eb1690,1,0,6,7,2
5aa83a71f6dfdd0001eb1690,2,0,6,7,6
5aa83a71f6dfdd0001eb1690,3,0,6,6,4
5aa83a71f6dfdd0001eb1690,4,0,6,6,4
5aa83a71f6dfdd0001eb1690,5,0,3,7,5
5aa83a71f6dfdd0001eb1690,6,0,2,5,5
5aa83a71f6dfdd0001eb1690,7,0,6,7,5
5acb7b0ae1099600016acdd6,1,0,2,7,7
5acb7b0ae1099600016acdd6,2,0,2,7,7
5acb7b0ae1099600016acdd6,3,0,1,7,7
5acb7b0ae1099600016acdd6,4,0,2,7,6
5acb7b0ae1099600016acdd6,5,0,3,7,7
5acb7b0ae1099600016acdd6,6,0,3,7,7
5acb7b0ae1099600016acdd6,7,0,4,7,7
5aed0f1c7ed5460001575004,1,1,1,5,3
5aed0f1c7ed5460001575004,2,0,2,5,3
5aed0f1c7ed5460001575004,3,1,2,6,4
5aed0f1c7ed5460001575004,4,1,2,5,5
5aed0f1c7ed5460001575004,5,0,2,3,4
5aed0f1c7ed5460001575004,6,1,2,4,2
5aed0f1c7ed5460001575004,7,1,2,3,4
5b666901f7798c000182c01c,1,0,2,6,6
5b666901f7798c000182c01c,2,0,1,7,7
5b666901f7798c000182c01c,3,0,2,6,6
5b666901f7798c000182c01c,4,0,3,7,7
5b666901f7798c000182c01c,5,0,3,6,7
5b666901f7798c000182c01c,6,0,3,5,6
5b666901f7798c000182c01c,7,0,3,7,6
5b6dbd2384a7760001c9c7fd,1,0,1,2,3
5b6dbd2384a7760001c9c7fd,2,0,1,1,1
5b6dbd2384a7760001c9c7fd,3,0,3,5,2
5b6dbd2384a7760001c9c7fd,4,0,2,3,3
5b6dbd2384a7760001c9c7fd,5,0,5,6,3
5b6dbd2384a7760001c9c7fd,6,0,2,4,3
5b6dbd2384a7760001c9c7fd,7,0,3,6,2
5b9b422307c6960001614c35,1,1,2,5,2
5b9b422307c6960001614c35,2,0,3,3,2
5b9b422307c6960001614c35,3,0,3,2,2
5b9b422307c6960001614c35,4,1,4,5,4
5b9b422307c6960001614c35,5,0,4,5,2
5b9b422307c6960001614c35,6,0,3,5,2
5b9b422307c6960001614c35,7,1,4,6,3
5ba06f03962418000113684d,1,0,1,3,2
5ba06f03962418000113684d,2,0,1,3,2
5ba06f03962418000113684d,3,0,1,7,2
5ba06f03962418000113684d,4,0,1,1,2
5ba06f03962418000113684d,5,0,1,2,1
5ba06f03962418000113684d,6,0,1,1,1
5ba06f03962418000113684d,7,0,1,1,2
5ba3b4b2509a380001bee71d,1,0,5,6,5
5ba3b4b2509a380001bee71d,2,0,4,6,5
5ba3b4b2509a380001bee71d,3,1,5,6,6
5ba3b4b2509a380001bee71d,4,1,4,5,5
5ba3b4b2509a380001bee71d,5,0,6,7,6
5ba3b4b2509a380001bee71d,6,0,4,7,5
5ba3b4b2509a380001bee71d,7,0,4,7,5
5bbc0004ac45e6000131d380,1,1,2,3,2
5bbc0004ac45e6000131d380,2,0,3,6,2
5bbc0004ac45e6000131d380,3,1,3,5,3
5bbc0004ac45e6000131d380,4,1,4,3,4
5bbc0004ac45e6000131d380,5,1,5,2,5
5bbc0004ac45e6000131d380,6,1,4,2,3
5bbc0004ac45e6000131d380,7,1,2,2,4
5be8a1701664db0001d804f8,1,0,1,5,1
5be8a1701664db0001d804f8,2,0,3,3,1
5be8a1701664db0001d804f8,3,0,1,6,3
5be8a1701664db0001d804f8,4,1,1,6,3
5be8a1701664db0001d804f8,5,1,1,6,3
5be8a1701664db0001d804f8,6,0,1,4,3
5be8a1701664db0001d804f8,7,0,1,6,2
5c0dbb9b9166290001253342,1,0,1,6,7
5c0dbb9b9166290001253342,2,0,4,7,7
5c0dbb9b9166290001253342,3,0,3,7,7
5c0dbb9b9166290001253342,4,0,4,7,7
5c0dbb9b9166290001253342,5,1,1,7,7
5c0dbb9b9166290001253342,6,1,3,4,7
5c0dbb9b9166290001253342,7,0,3,7,7
5c2c62542c45d400014a32e6,1,1,5,7,5
5c2c62542c45d400014a32e6,2,0,3,6,2
5c2c62542c45d400014a32e6,3,1,6,5,6
5c2c62542c45d400014a32e6,4,0,5,7,2
5c2c62542c45d400014a32e6,5,0,2,6,2
5c2c62542c45d400014a32e6,6,1,2,7,7
5c2c62542c45d400014a32e6,7,1,5,6,7
5c2c6e432c45d400014a35e3,1,1,5,7,4
5c2c6e432c45d400014a35e3,2,0,5,7,3
5c2c6e432c45d400014a35e3,3,0,4,7,4
5c2c6e432c45d400014a35e3,4,0,3,6,4
5c2c6e432c45d400014a35e3,5,0,2,7,5
5c2c6e432c45d400014a35e3,6,0,4,6,4
5c2c6e432c45d400014a35e3,7,0,3,7,4
5c2fcd716ea6880001dc8e3d,1,0,1,7,6
5c2fcd716ea6880001dc8e3d,2,0,2,6,5
5c2fcd716ea6880001dc8e3d,3,0,3,4,5
5c2fcd716ea6880001dc8e3d,4,1,2,4,4
5c2fcd716ea6880001dc8e3d,5,0,3,5,4
5c2fcd716ea6880001dc8e3d,6,0,3,4,4
5c2fcd716ea6880001dc8e3d,7,0,6,7,5
5c59e6519dd64d00018adaa8,1,0,2,6,6
5c59e6519dd64d00018adaa8,2,0,1,6,6
5c59e6519dd64d00018adaa8,3,0,1,3,6
5c59e6519dd64d00018adaa8,4,0,1,6,5
5c59e6519dd64d00018adaa8,5,0,2,5,6
5c59e6519dd64d00018adaa8,6,1,1,5,6
5c59e6519dd64d00018adaa8,7,0,1,6,6
5c670a430d80fd00014264f9,1,0,2,5,6
5c670a430d80fd00014264f9,2,0,2,6,5
5c670a430d80fd00014264f9,3,0,3,4,4
5c670a430d80fd00014264f9,4,0,3,5,5
5c670a430d80fd00014264f9,5,0,3,4,4
5c670a430d80fd00014264f9,6,0,3,4,4
5c670a430d80fd00014264f9,7,0,2,5,4
5c8974ef34daa70015e92daf,1,0,6,2,3
5c8974ef34daa70015e92daf,2,1,2,6,3
5c8974ef34daa70015e92daf,3,0,7,5,3
5c8974ef34daa70015e92daf,4,0,5,6,4
5c8974ef34daa70015e92daf,5,0,5,3,4
5c8974ef34daa70015e92daf,6,0,4,2,6
5c8974ef34daa70015e92daf,7,0,6,2,3
5c9b1b5c441b4700179b17b2,1,0,1,6,1
5c9b1b5c441b4700179b17b2,2,0,1,7,1
5c9b1b5c441b4700179b17b2,3,1,2,7,5
5c9b1b5c441b4700179b17b2,4,1,3,7,5
5c9b1b5c441b4700179b17b2,5,0,1,7,3
5c9b1b5c441b4700179b17b2,6,0,1,7,3
5c9b1b5c441b4700179b17b2,7,0,1,7,3
5c9c3ae2d40ce20014233de6,1,0,1,4,2
5c9c3ae2d40ce20014233de6,2,1,5,6,6
5c9c3ae2d40ce20014233de6,3,0,1,2,2
5c9c3ae2d40ce20014233de6,4,1,5,6,5
5c9c3ae2d40ce20014233de6,5,1,3,5,4
5c9c3ae2d40ce20014233de6,6,1,6,6,5
5c9c3ae2d40ce20014233de6,7,0,2,2,2
5cab7cc86d3a6e001519d9e9,1,1,7,5,3
5cab7cc86d3a6e001519d9e9,2,0,3,3,2
5cab7cc86d3a6e001519d9e9,3,0,2,6,5
5cab7cc86d3a6e001519d9e9,4,1,3,5,6
5cab7cc86d3a6e001519d9e9,5,1,4,6,4
5cab7cc86d3a6e001519d9e9,6,1,5,6,4
5cab7cc86d3a6e001519d9e9,7,0,3,6,5
5cb489ff0cd1ed0017465d19,1,0,3,6,7
5cb489ff0cd1ed0017465d19,2,1,2,4,2
5cb489ff0cd1ed0017465d19,3,0,4,5,6
5cb489ff0cd1ed0017465d19,4,0,3,6,7
5cb489ff0cd1ed0017465d19,5,0,3,6,6
5cb489ff0cd1ed0017465d19,6,0,2,6,6
5cb489ff0cd1ed0017465d19,7,0,2,6,6
5cd8d86210887400182db201,1,0,2,7,2
5cd8d86210887400182db201,2,0,3,7,2
5cd8d86210887400182db201,3,0,2,7,5
5cd8d86210887400182db201,4,0,4,7,2
5cd8d86210887400182db201,5,0,1,7,5
5cd8d86210887400182db201,6,0,2,7,3
5cd8d86210887400182db201,7,0,5,5,5
5cf91ace3bb7c4000162318c,1,1,2,3,2
5cf91ace3bb7c4000162318c,2,0,1,7,1
5cf91ace3bb7c4000162318c,3,0,1,7,1
5cf91ace3bb7c4000162318c,4,0,1,7,1
5cf91ace3bb7c4000162318c,5,0,1,7,1
5cf91ace3bb7c4000162318c,6,0,1,7,1
5cf91ace3bb7c4000162318c,7,0,1,7,1
5cfe91a931c8d200018fd824,1,0,3,3,4
5cfe91a931c8d200018fd824,2,0,5,3,5
5cfe91a931c8d200018fd824,3,0,5,5,5
5cfe91a931c8d200018fd824,4,1,5,5,5
5cfe91a931c8d200018fd824,5,0,5,5,5
5cfe91a931c8d200018fd824,6,0,6,5,5
5cfe91a931c8d200018fd824,7,0,6,4,5
5d127351768ee30019d6231f,1,0,2,3,5
5d127351768ee30019d6231f,2,0,1,1,1
5d127351768ee30019d6231f,3,0,1,1,1
5d127351768ee30019d6231f,4,1,3,4,5
5d127351768ee30019d6231f,5,0,1,1,1
5d127351768ee30019d6231f,6,1,2,4,3
5d127351768ee30019d6231f,7,0,1,1,1
5d193535601cd70017727028,1,1,3,5,3
5d193535601cd70017727028,2,0,1,6,1
5d193535601cd70017727028,3,0,2,5,2
5d193535601cd70017727028,4,0,2,6,2
5d193535601cd70017727028,5,0,1,7,4
5d193535601cd70017727028,6,0,1,7,2
5d193535601cd70017727028,7,0,1,7,2
5d1e2045a37a4d001a1fc2cb,1,1,1,4,3
5d1e2045a37a4d001a1fc2cb,2,0,1,7,4
5d1e2045a37a4d001a1fc2cb,3,0,1,7,4
5d1e2045a37a4d001a1fc2cb,4,1,1,7,5
5d1e2045a37a4d001a1fc2cb,5,1,1,7,5
5d1e2045a37a4d001a1fc2cb,6,0,1,7,2
5d1e2045a37a4d001a1fc2cb,7,0,1,7,3
5d27d44acdaf690001297992,1,0,5,6,4
5d27d44acdaf690001297992,2,1,3,5,5
5d27d44acdaf690001297992,3,0,3,5,3
5d27d44acdaf690001297992,4,1,3,6,3
5d27d44acdaf690001297992,5,1,2,7,5
5d27d44acdaf690001297992,6,0,1,6,2
5d27d44acdaf690001297992,7,1,3,7,5
5d27dc6b46dea800184f8bfa,1,0,3,6,3
5d27dc6b46dea800184f8bfa,2,1,3,6,5
5d27dc6b46dea800184f8bfa,3,0,3,6,3
5d27dc6b46dea800184f8bfa,4,0,2,7,2
5d27dc6b46dea800184f8bfa,5,0,5,6,3
5d27dc6b46dea800184f8bfa,6,1,2,7,5
5d27dc6b46dea800184f8bfa,7,0,2,7,2
5d41e832b0ca7200169d857e,1,0,1,7,7
5d41e832b0ca7200169d857e,2,0,1,1,4
5d41e832b0ca7200169d857e,3,0,1,7,4
5d41e832b0ca7200169d857e,4,0,4,7,5
5d41e832b0ca7200169d857e,5,0,1,7,5
5d41e832b0ca7200169d857e,6,0,1,7,4
5d41e832b0ca7200169d857e,7,0,1,7,4
5d42486206811e001ada5b4b,1,0,7,7,7
5d42486206811e001ada5b4b,2,0,7,7,7
5d42486206811e001ada5b4b,3,0,7,7,7
5d42486206811e001ada5b4b,4,0,7,7,7
5d42486206811e001ada5b4b,5,0,7,7,7
5d42486206811e001ada5b4b,6,0,7,7,7
5d42486206811e001ada5b4b,7,0,7,7,7
5d453e8723a5bb0001492546,1,1,1,7,1
5d453e8723a5bb0001492546,2,0,1,7,1
5d453e8723a5bb0001492546,3,0,2,5,3
5d453e8723a5bb0001492546,4,0,1,6,1
5d453e8723a5bb0001492546,5,1,5,5,4
5d453e8723a5bb0001492546,6,1,5,5,2
5d453e8723a5bb0001492546,7,0,1,4,2
5d4a476144cb2200195e96ad,1,1,6,4,5
5d4a476144cb2200195e96ad,2,1,4,5,5
5d4a476144cb2200195e96ad,3,1,6,6,3
5d4a476144cb2200195e96ad,4,1,5,3,2
5d4a476144cb2200195e96ad,5,1,7,5,1
5d4a476144cb2200195e96ad,6,1,3,2,3
5d4a476144cb2200195e96ad,7,0,3,3,4
5d5181fc842e8600171e5a78,1,0,2,6,2
5d5181fc842e8600171e5a78,2,0,2,7,3
5d5181fc842e8600171e5a78,3,1,3,5,3
5d5181fc842e8600171e5a78,4,0,3,6,3
5d5181fc842e8600171e5a78,5,0,4,6,3
5d5181fc842e8600171e5a78,6,0,2,6,3
5d5181fc842e8600171e5a78,7,0,3,6,3
5d55d562e04e1c0001f5e682,1,0,3,5,4
5d55d562e04e1c0001f5e682,2,1,5,4,4
5d55d562e04e1c0001f5e682,3,0,3,5,4
5d55d562e04e1c0001f5e682,4,1,5,4,5
5d55d562e04e1c0001f5e682,5,0,5,5,5
5d55d562e04e1c0001f5e682,6,1,6,5,5
5d55d562e04e1c0001f5e682,7,0,4,4,4
5d615f7632cfbd001b1b6dcb,1,1,2,5,6
5d615f7632cfbd001b1b6dcb,2,1,2,6,5
5d615f7632cfbd001b1b6dcb,3,0,4,6,5
5d615f7632cfbd001b1b6dcb,4,1,3,5,4
5d615f7632cfbd001b1b6dcb,5,1,4,5,5
5d615f7632cfbd001b1b6dcb,6,0,2,6,4
5d615f7632cfbd001b1b6dcb,7,1,3,6,4
5d63f9cd26a2ac001758c70d,1,0,1,7,6
5d63f9cd26a2ac001758c70d,2,1,6,7,7
5d63f9cd26a2ac001758c70d,3,1,7,7,7
5d63f9cd26a2ac001758c70d,4,1,7,7,7
5d63f9cd26a2ac001758c70d,5,0,5,1,5
5d63f9cd26a2ac001758c70d,6,0,5,1,5
5d63f9cd26a2ac001758c70d,7,1,5,7,5
5d6807f9778de5001a120d9a,1,0,1,7,2
5d6807f9778de5001a120d9a,2,0,1,7,1
5d6807f9778de5001a120d9a,3,0,1,7,1
5d6807f9778de5001a120d9a,4,1,1,7,3
5d6807f9778de5001a120d9a,5,0,1,7,1
5d6807f9778de5001a120d9a,6,0,1,7,1
5d6807f9778de5001a120d9a,7,0,1,7,2
5d730a3cf37bfe0001ff031a,1,1,3,6,6
5d730a3cf37bfe0001ff031a,2,1,4,6,6
5d730a3cf37bfe0001ff031a,3,0,1,4,6
5d730a3cf37bfe0001ff031a,4,0,1,5,6
5d730a3cf37bfe0001ff031a,5,0,1,7,7
5d730a3cf37bfe0001ff031a,6,1,3,6,6
5d730a3cf37bfe0001ff031a,7,0,1,7,7
5d7e7207461e51001c5c236c,1,0,1,6,4
5d7e7207461e51001c5c236c,2,0,4,6,5
5d7e7207461e51001c5c236c,3,0,4,4,4
5d7e7207461e51001c5c236c,4,0,3,4,4
5d7e7207461e51001c5c236c,5,0,4,4,4
5d7e7207461e51001c5c236c,6,0,4,4,4
5d7e7207461e51001c5c236c,7,0,4,4,5
5d8934dc4c680f00181616f8,1,0,1,1,2
5d8934dc4c680f00181616f8,2,0,1,1,1
5d8934dc4c680f00181616f8,3,1,4,5,5
5d8934dc4c680f00181616f8,4,0,1,3,1
5d8934dc4c680f00181616f8,5,0,1,2,1
5d8934dc4c680f00181616f8,6,1,3,1,3
5d8934dc4c680f00181616f8,7,1,5,5,5
5d8b32e664ac880018630273,1,1,4,6,5
5d8b32e664ac880018630273,2,0,2,5,2
5d8b32e664ac880018630273,3,0,2,4,2
5d8b32e664ac880018630273,4,1,1,6,3
5d8b32e664ac880018630273,5,1,2,5,3
5d8b32e664ac880018630273,6,0,2,3,2
5d8b32e664ac880018630273,7,0,2,3,1
5d96eeed1998fb00177f6b71,1,0,2,3,4
5d96eeed1998fb00177f6b71,2,0,2,5,4
5d96eeed1998fb00177f6b71,3,0,2,5,3
5d96eeed1998fb00177f6b71,4,0,1,3,5
5d96eeed1998fb00177f6b71,5,0,1,4,5
5d96eeed1998fb00177f6b71,6,0,1,5,5
5d96eeed1998fb00177f6b71,7,0,1,4,6
5dbd796ee8add82bd3ef7878,1,0,4,7,4
5dbd796ee8add82bd3ef7878,2,0,4,7,4
5dbd796ee8add82bd3ef7878,3,0,4,7,4
5dbd796ee8add82bd3ef7878,4,0,4,7,4
5dbd796ee8add82bd3ef7878,5,0,4,7,4
5dbd796ee8add82bd3ef7878,6,1,2,7,4
5dbd796ee8add82bd3ef7878,7,1,2,7,4
5dd72efa82569a6d38e06854,1,0,1,4,7
5dd72efa82569a6d38e06854,2,0,1,7,7
5dd72efa82569a6d38e06854,3,0,1,7,6
5dd72efa82569a6d38e06854,4,0,1,7,7
5dd72efa82569a6d38e06854,5,1,1,7,7
5dd72efa82569a6d38e06854,6,0,1,7,7
5dd72efa82569a6d38e06854,7,0,1,7,6
5de7ccc24b7cf973d7b05bfb,1,0,1,5,6
5de7ccc24b7cf973d7b05bfb,2,0,1,6,6
5de7ccc24b7cf973d7b05bfb,3,0,1,6,5
5de7ccc24b7cf973d7b05bfb,4,0,2,5,6
5de7ccc24b7cf973d7b05bfb,5,0,2,5,6
5de7ccc24b7cf973d7b05bfb,6,0,1,4,5
5de7ccc24b7cf973d7b05bfb,7,0,1,4,6
5de831cad4995d000c5fb540,1,0,1,7,1
5de831cad4995d000c5fb540,2,0,1,7,1
5de831cad4995d000c5fb540,3,0,1,7,1
5de831cad4995d000c5fb540,4,0,1,7,1
5de831cad4995d000c5fb540,5,0,1,7,1
5de831cad4995d000c5fb540,6,0,1,7,1
5de831cad4995d000c5fb540,7,0,1,7,1
5dec01e809c107301c5e307f,1,1,4,5,4
5dec01e809c107301c5e307f,2,1,2,5,3
5dec01e809c107301c5e307f,3,0,2,4,2
5dec01e809c107301c5e307f,4,0,2,2,2
5dec01e809c107301c5e307f,5,1,2,5,3
5dec01e809c107301c5e307f,6,0,1,2,1
5dec01e809c107301c5e307f,7,1,2,4,2
5dedec3919398a49e1133b0d,1,0,1,6,5
5dedec3919398a49e1133b0d,2,0,1,7,5
5dedec3919398a49e1133b0d,3,0,1,7,5
5dedec3919398a49e1133b0d,4,1,1,6,5
5dedec3919398a49e1133b0d,5,1,2,7,5
5dedec3919398a49e1133b0d,6,1,2,6,5
5dedec3919398a49e1133b0d,7,0,1,7,5
5dfdc45e617219a8e2e05c26,1,0,2,7,1
5dfdc45e617219a8e2e05c26,2,0,2,7,1
5dfdc45e617219a8e2e05c26,3,1,2,7,5
5dfdc45e617219a8e2e05c26,4,0,1,7,1
5dfdc45e617219a8e2e05c26,5,1,4,7,4
5dfdc45e617219a8e2e05c26,6,1,4,7,4
5dfdc45e617219a8e2e05c26,7,1,3,6,4
5e065c9fe78021031a4b1d59,1,0,2,5,2
5e065c9fe78021031a4b1d59,2,0,2,6,2
5e065c9fe78021031a4b1d59,3,0,2,6,3
5e065c9fe78021031a4b1d59,4,0,2,5,3
5e065c9fe78021031a4b1d59,5,0,2,5,3
5e065c9fe78021031a4b1d59,6,0,2,4,3
5e065c9fe78021031a4b1d59,7,0,2,4,3
5e14d563c4e155ae93907ae1,1,1,2,6,2
5e14d563c4e155ae93907ae1,2,0,2,6,5
5e14d563c4e155ae93907ae1,3,0,3,6,5
5e14d563c4e155ae93907ae1,4,1,2,6,6
5e14d563c4e155ae93907ae1,5,0,3,6,4
5e14d563c4e155ae93907ae1,6,0,3,5,4
5e14d563c4e155ae93907ae1,7,1,2,5,5
5e154952c76aa6b40619b1d3,1,1,2,6,5
5e154952c76aa6b40619b1d3,2,1,3,6,4
5e154952c76aa6b40619b1d3,3,0,1,5,3
5e154952c76aa6b40619b1d3,4,1,1,6,4
5e154952c76aa6b40619b1d3,5,1,2,5,4
5e154952c76aa6b40619b1d3,6,0,1,6,4
5e154952c76aa6b40619b1d3,7,1,1,6,3
5e1e935be3c7191e0519b486,1,0,3,5,5
5e1e935be3c7191e0519b486,2,0,5,6,6
5e1e935be3c7191e0519b486,3,1,5,7,6
5e1e935be3c7191e0519b486,4,1,4,4,5
5e1e935be3c7191e0519b486,5,0,3,6,3
5e1e935be3c7191e0519b486,6,1,5,6,6
5e1e935be3c7191e0519b486,7,1,3,5,6
5e1efdb3a8c111230db526ff,1,0,1,7,7
5e1efdb3a8c111230db526ff,2,0,1,7,7
5e1efdb3a8c111230db526ff,3,0,1,7,7
5e1efdb3a8c111230db526ff,4,0,1,7,7
5e1efdb3a8c111230db526ff,5,0,1,1,7
5e1efdb3a8c111230db526ff,6,0,1,7,7
5e1efdb3a8c111230db526ff,7,0,1,7,7
5e2721b01160079464059b5c,1,1,3,7,2
5e2721b01160079464059b5c,2,0,1,7,2
5e2721b01160079464059b5c,3,0,2,2,2
5e2721b01160079464059b5c,4,1,3,6,3
5e2721b01160079464059b5c,5,0,2,6,2
5e2721b01160079464059b5c,6,0,3,7,3
5e2721b01160079464059b5c,7,0,5,7,3
5e27727328b7b698b037ee6c,1,0,3,6,4
5e27727328b7b698b037ee6c,2,0,2,6,2
5e27727328b7b698b037ee6c,3,0,3,5,1
5e27727328b7b698b037ee6c,4,0,3,3,2
5e27727328b7b698b037ee6c,5,0,3,4,1
5e27727328b7b698b037ee6c,6,0,2,4,2
5e27727328b7b698b037ee6c,7,0,1,4,2
5e29c3e725dcfd01cef9f474,1,1,1,7,6
5e29c3e725dcfd01cef9f474,2,0,1,7,5
5e29c3e725dcfd01cef9f474,3,0,1,7,5
5e29c3e725dcfd01cef9f474,4,1,1,7,6
5e29c3e725dcfd01cef9f474,5,0,2,7,6
5e29c3e725dcfd01cef9f474,6,1,2,7,7
5e29c3e725dcfd01cef9f474,7,1,3,7,6
5e3581ed0082f15283413024,1,0,2,5,2
5e3581ed0082f15283413024,2,0,3,5,2
5e3581ed0082f15283413024,3,0,3,5,2
5e3581ed0082f15283413024,4,0,3,5,3
5e3581ed0082f15283413024,5,0,3,6,2
5e3581ed0082f15283413024,6,0,3,6,3
5e3581ed0082f15283413024,7,0,4,6,2
5e3b8f110d41ad3a7bc35019,1,0,1,6,3
5e3b8f110d41ad3a7bc35019,2,1,2,7,4
5e3b8f110d41ad3a7bc35019,3,0,2,7,1
5e3b8f110d41ad3a7bc35019,4,0,3,7,1
5e3b8f110d41ad3a7bc35019,5,0,3,5,1
5e3b8f110d41ad3a7bc35019,6,0,2,6,1
5e3b8f110d41ad3a7bc35019,7,1,1,7,4
5e4a1730c94447480594cea4,1,1,1,7,4
5e4a1730c94447480594cea4,2,0,1,7,1
5e4a1730c94447480594cea4,3,0,1,7,1
5e4a1730c94447480594cea4,4,1,1,7,3
5e4a1730c94447480594cea4,5,1,1,7,3
5e4a1730c94447480594cea4,6,1,1,7,3
5e4a1730c94447480594cea4,7,1,2,7,4
5e606b1eaf84e83c728748d7,1,1,5,5,6
5e606b1eaf84e83c728748d7,2,0,7,3,2
5e606b1eaf84e83c728748d7,3,0,5,6,2
5e606b1eaf84e83c728748d7,4,0,4,6,2
5e606b1eaf84e83c728748d7,5,0,3,6,2
5e606b1eaf84e83c728748d7,6,1,2,7,6
5e606b1eaf84e83c728748d7,7,1,2,5,4
5e6685e1ffed4c405a4db5d0,1,0,1,7,7
5e6685e1ffed4c405a4db5d0,2,0,1,7,7
5e6685e1ffed4c405a4db5d0,3,0,1,7,5
5e6685e1ffed4c405a4db5d0,4,0,1,7,7
5e6685e1ffed4c405a4db5d0,5,0,1,7,6
5e6685e1ffed4c405a4db5d0,6,0,1,7,7
5e6685e1ffed4c405a4db5d0,7,0,1,7,5
5e89ce643ac81466c24cb5d8,1,1,3,5,4
5e89ce643ac81466c24cb5d8,2,1,2,5,3
5e89ce643ac81466c24cb5d8,3,0,2,4,2
5e89ce643ac81466c24cb5d8,4,0,2,3,2
5e89ce643ac81466c24cb5d8,5,0,2,3,3
5e89ce643ac81466c24cb5d8,6,0,2,3,4
5e89ce643ac81466c24cb5d8,7,0,3,4,2
5e8a1827052175000938eb91,1,0,4,5,4
5e8a1827052175000938eb91,2,1,5,4,4
5e8a1827052175000938eb91,3,1,5,6,5
5e8a1827052175000938eb91,4,0,3,4,3
5e8a1827052175000938eb91,5,0,3,4,3
5e8a1827052175000938eb91,6,0,3,4,4
5e8a1827052175000938eb91,7,0,3,5,3
5e8b89d0afcb1606e761ef7f,1,0,1,7,7
5e8b89d0afcb1606e761ef7f,2,0,1,7,7
5e8b89d0afcb1606e761ef7f,3,0,1,7,7
5e8b89d0afcb1606e761ef7f,4,0,1,7,7
5e8b89d0afcb1606e761ef7f,5,0,1,7,7
5e8b89d0afcb1606e761ef7f,6,0,1,7,7
5e8b89d0afcb1606e761ef7f,7,0,1,7,7
5ea24e2ba40d0c16e0c2b6e9,1,0,5,7,3
5ea24e2ba40d0c16e0c2b6e9,2,1,2,7,4
5ea24e2ba40d0c16e0c2b6e9,3,0,1,7,7
5ea24e2ba40d0c16e0c2b6e9,4,0,1,5,7
5ea24e2ba40d0c16e0c2b6e9,5,1,7,7,3
5ea24e2ba40d0c16e0c2b6e9,6,0,1,7,7
5ea24e2ba40d0c16e0c2b6e9,7,0,2,7,6
5eb6df62c23fbf5e87db6b4b,1,0,4,7,5
5eb6df62c23fbf5e87db6b4b,2,0,4,6,4
5eb6df62c23fbf5e87db6b4b,3,0,4,7,4
5eb6df62c23fbf5e87db6b4b,4,1,5,5,4
5eb6df62c23fbf5e87db6b4b,5,0,4,5,4
5eb6df62c23fbf5e87db6b4b,6,0,4,5,4
5eb6df62c23fbf5e87db6b4b,7,0,4,4,3
5ec403bb09d0e02a060bd5e6,1,0,2,3,5
5ec403bb09d0e02a060bd5e6,2,0,2,5,5
5ec403bb09d0e02a060bd5e6,3,0,2,5,5
5ec403bb09d0e02a060bd5e6,4,0,2,5,5
5ec403bb09d0e02a060bd5e6,5,0,2,4,5
5ec403bb09d0e02a060bd5e6,6,0,2,5,6
5ec403bb09d0e02a060bd5e6,7,0,2,5,6
5ec4815fa0c12817c4f8e846,1,1,1,7,4
5ec4815fa0c12817c4f8e846,2,0,1,1,1
5ec4815fa0c12817c4f8e846,3,1,5,1,2
5ec4815fa0c12817c4f8e846,4,0,1,1,1
5ec4815fa0c12817c4f8e846,5,1,6,1,6
5ec4815fa0c12817c4f8e846,6,0,1,7,1
5ec4815fa0c12817c4f8e846,7,0,1,1,1
5ecd4acdb218ec085c6eefe6,1,0,1,6,7
5ecd4acdb218ec085c6eefe6,2,0,1,7,7
5ecd4acdb218ec085c6eefe6,3,1,1,7,1
5ecd4acdb218ec085c6eefe6,4,1,1,7,6
5ecd4acdb218ec085c6eefe6,5,0,1,7,7
5ecd4acdb218ec085c6eefe6,6,0,1,7,7
5ecd4acdb218ec085c6eefe6,7,0,1,7,6
5ed543442db0060a955d12e1,1,0,2,6,6
5ed543442db0060a955d12e1,2,0,1,7,7
5ed543442db0060a955d12e1,3,0,1,7,7
5ed543442db0060a955d12e1,4,1,1,7,7
5ed543442db0060a955d12e1,5,1,4,7,5
5ed543442db0060a955d12e1,6,1,2,6,4
5ed543442db0060a955d12e1,7,1,2,7,7
5ed5eb6e89c9b81780219ab6,1,1,2,6,3
5ed5eb6e89c9b81780219ab6,2,1,2,4,4
5ed5eb6e89c9b81780219ab6,3,0,1,5,6
5ed5eb6e89c9b81780219ab6,4,0,7,7,7
5ed5eb6e89c9b81780219ab6,5,1,7,7,6
5ed5eb6e89c9b81780219ab6,6,1,4,6,3
5ed5eb6e89c9b81780219ab6,7,0,4,7,6
5edb15e94aaed578887b44ae,1,0,7,6,2
5edb15e94aaed578887b44ae,2,1,7,7,5
5edb15e94aaed578887b44ae,3,0,5,7,2
5edb15e94aaed578887b44ae,4,1,4,7,5
5edb15e94aaed578887b44ae,5,0,4,5,2
5edb15e94aaed578887b44ae,6,1,6,7,5
5edb15e94aaed578887b44ae,7,0,2,6,2
5eeaa8ee94a7f8046a02a20d,1,1,2,5,4
5eeaa8ee94a7f8046a02a20d,2,0,1,7,6
5eeaa8ee94a7f8046a02a20d,3,0,2,6,3
5eeaa8ee94a7f8046a02a20d,4,0,2,7,4
5eeaa8ee94a7f8046a02a20d,5,1,5,7,5
5eeaa8ee94a7f8046a02a20d,6,1,4,7,4
5eeaa8ee94a7f8046a02a20d,7,0,2,7,3
5ef3832ddd7d5a0f19b24f20,1,0,1,6,7
5ef3832ddd7d5a0f19b24f20,2,0,1,7,7
5ef3832ddd7d5a0f19b24f20,3,0,1,7,1
5ef3832ddd7d5a0f19b24f20,4,0,2,5,3
5ef3832ddd7d5a0f19b24f20,5,0,1,7,1
5ef3832ddd7d5a0f19b24f20,6,0,2,5,2
5ef3832ddd7d5a0f19b24f20,7,0,3,5,3
5ef4b8cf1f15df0ae9c7a706,1,1,5,5,4
5ef4b8cf1f15df0ae9c7a706,2,1,5,4,5
5ef4b8cf1f15df0ae9c7a706,3,0,4,6,5
5ef4b8cf1f15df0ae9c7a706,4,1,5,5,5
5ef4b8cf1f15df0ae9c7a706,5,1,5,3,5
5ef4b8cf1f15df0ae9c7a706,6,0,3,3,4
5ef4b8cf1f15df0ae9c7a706,7,1,5,5,5
5f0395a63963d05bc235abdb,1,0,1,7,1
5f0395a63963d05bc235abdb,2,0,1,7,7
5f0395a63963d05bc235abdb,3,0,1,7,7
5f0395a63963d05bc235abdb,4,0,1,7,7
5f0395a63963d05bc235abdb,5,0,1,7,7
5f0395a63963d05bc235abdb,6,0,1,7,7
5f0395a63963d05bc235abdb,7,0,1,7,7
5f15ba922eed6a21fe83e78a,1,1,2,1,2
5f15ba922eed6a21fe83e78a,2,1,1,1,1
5f15ba922eed6a21fe83e78a,3,0,1,1,1
5f15ba922eed6a21fe83e78a,4,0,1,1,1
5f15ba922eed6a21fe83e78a,5,0,1,1,1
5f15ba922eed6a21fe83e78a,6,0,1,1,1
5f15ba922eed6a21fe83e78a,7,0,1,1,1
5f16f559325a640008bb9a07,1,0,2,2,2
5f16f559325a640008bb9a07,2,0,2,2,2
5f16f559325a640008bb9a07,3,0,1,2,1
5f16f559325a640008bb9a07,4,0,1,2,1
5f16f559325a640008bb9a07,5,0,2,2,2
5f16f559325a640008bb9a07,6,0,2,1,2
5f16f559325a640008bb9a07,7,0,1,2,2
5f20c7843957f61f62c58bb6,1,0,1,4,1
5f20c7843957f61f62c58bb6,2,0,1,4,1
5f20c7843957f61f62c58bb6,3,0,1,1,1
5f20c7843957f61f62c58bb6,4,0,1,2,1
5f20c7843957f61f62c58bb6,5,0,1,2,1
5f20c7843957f61f62c58bb6,6,0,1,2,1
5f20c7843957f61f62c58bb6,7,0,1,2,1
5f32bc368853aa03df112fc6,1,1,2,3,2
5f32bc368853aa03df112fc6,2,1,1,2,1
5f32bc368853aa03df112fc6,3,1,2,4,3
5f32bc368853aa03df112fc6,4,0,2,2,2
5f32bc368853aa03df112fc6,5,1,2,2,2
5f32bc368853aa03df112fc6,6,1,3,1,3
5f32bc368853aa03df112fc6,7,1,4,4,4
5f3a99865242340d71f85620,1,0,1,7,7
5f3a99865242340d71f85620,2,0,1,7,1
5f3a99865242340d71f85620,3,0,1,7,7
5f3a99865242340d71f85620,4,1,1,7,5
5f3a99865242340d71f85620,5,0,1,6,7
5f3a99865242340d71f85620,6,0,1,7,6
5f3a99865242340d71f85620,7,1,2,6,6
5f3ac1732efa0a74f975b1a8,1,0,1,7,3
5f3ac1732efa0a74f975b1a8,2,0,1,7,6
5f3ac1732efa0a74f975b1a8,3,0,1,7,6
5f3ac1732efa0a74f975b1a8,4,1,1,7,7
5f3ac1732efa0a74f975b1a8,5,0,1,7,4
5f3ac1732efa0a74f975b1a8,6,0,1,7,4
5f3ac1732efa0a74f975b1a8,7,0,1,7,6
5f3d42de03555c0832cbef73,1,1,1,2,1
5f3d42de03555c0832cbef73,2,0,1,1,1
5f3d42de03555c0832cbef73,3,0,1,4,1
5f3d42de03555c0832cbef73,4,1,4,4,2
5f3d42de03555c0832cbef73,5,0,1,3,1
5f3d42de03555c0832cbef73,6,0,1,2,1
5f3d42de03555c0832cbef73,7,1,2,3,2
5f3d6975ef131710ed519c7a,1,0,6,5,5
5f3d6975ef131710ed519c7a,2,0,4,5,4
5f3d6975ef131710ed519c7a,3,0,6,3,5
5f3d6975ef131710ed519c7a,4,0,4,3,3
5f3d6975ef131710ed519c7a,5,0,4,3,4
5f3d6975ef131710ed519c7a,6,0,4,4,5
5f3d6975ef131710ed519c7a,7,0,5,3,5
5f4bf504f50c0e7df0998290,1,1,5,2,2
5f4bf504f50c0e7df0998290,2,1,2,5,2
5f4bf504f50c0e7df0998290,3,0,3,1,1
5f4bf504f50c0e7df0998290,4,1,5,3,2
5f4bf504f50c0e7df0998290,5,1,6,4,4
5f4bf504f50c0e7df0998290,6,1,5,4,2
5f4bf504f50c0e7df0998290,7,1,4,6,5
5f55b2de5c3cb118507479f5,1,0,1,7,1
5f55b2de5c3cb118507479f5,2,0,1,7,1
5f55b2de5c3cb118507479f5,3,0,1,7,1
5f55b2de5c3cb118507479f5,4,0,1,7,1
5f55b2de5c3cb118507479f5,5,0,1,7,1
5f55b2de5c3cb118507479f5,6,0,1,7,1
5f55b2de5c3cb118507479f5,7,0,1,7,1
5f8cbc5c355ea745e6cef2ca,1,1,1,7,2
5f8cbc5c355ea745e6cef2ca,2,0,1,4,1
5f8cbc5c355ea745e6cef2ca,3,1,1,7,1
5f8cbc5c355ea745e6cef2ca,4,0,1,7,1
5f8cbc5c355ea745e6cef2ca,5,0,1,7,1
5f8cbc5c355ea745e6cef2ca,6,0,1,7,1
5f8cbc5c355ea745e6cef2ca,7,0,1,7,1
5f9b6cc0e01ad13902b38f60,1,0,1,7,2
5f9b6cc0e01ad13902b38f60,2,0,2,1,1
5f9b6cc0e01ad13902b38f60,3,0,3,7,2
5f9b6cc0e01ad13902b38f60,4,0,2,7,1
5f9b6cc0e01ad13902b38f60,5,0,3,7,1
5f9b6cc0e01ad13902b38f60,6,0,2,5,1
5f9b6cc0e01ad13902b38f60,7,0,3,6,7
5fa3146a9b17545c04ce5b06,1,0,3,2,5
5fa3146a9b17545c04ce5b06,2,0,3,4,4
5fa3146a9b17545c04ce5b06,3,0,1,2,3
5fa3146a9b17545c04ce5b06,4,1,2,3,5
5fa3146a9b17545c04ce5b06,5,0,2,2,5
5fa3146a9b17545c04ce5b06,6,0,2,4,3
5fa3146a9b17545c04ce5b06,7,0,4,5,5
5fa4c21a04bc5912180291bc,1,0,1,7,4
5fa4c21a04bc5912180291bc,2,0,1,7,4
5fa4c21a04bc5912180291bc,3,0,4,7,4
5fa4c21a04bc5912180291bc,4,0,1,7,4
5fa4c21a04bc5912180291bc,5,0,1,7,4
5fa4c21a04bc5912180291bc,6,0,2,6,5
5fa4c21a04bc5912180291bc,7,0,1,7,4
5fb0a3d6a8e4224b973e750b,1,0,1,5,7
5fb0a3d6a8e4224b973e750b,2,0,1,7,7
5fb0a3d6a8e4224b973e750b,3,1,1,7,7
5fb0a3d6a8e4224b973e750b,4,1,1,7,7
5fb0a3d6a8e4224b973e750b,5,0,1,7,7
5fb0a3d6a8e4224b973e750b,6,0,1,7,7
5fb0a3d6a8e4224b973e750b,7,0,1,7,7
5fb3d71c3144730009fe4a7b,1,0,1,6,1
5fb3d71c3144730009fe4a7b,2,1,2,7,3
5fb3d71c3144730009fe4a7b,3,1,1,6,4
5fb3d71c3144730009fe4a7b,4,1,2,4,3
5fb3d71c3144730009fe4a7b,5,0,1,1,1
5fb3d71c3144730009fe4a7b,6,1,1,5,2
5fb3d71c3144730009fe4a7b,7,1,2,5,4
5fb47b35d6da7d1a6ae54f08,1,1,1,4,4
5fb47b35d6da7d1a6ae54f08,2,0,1,7,1
5fb47b35d6da7d1a6ae54f08,3,0,1,7,1
5fb47b35d6da7d1a6ae54f08,4,1,1,7,4
5fb47b35d6da7d1a6ae54f08,5,1,2,7,2
5fb47b35d6da7d1a6ae54f08,6,1,2,7,4
5fb47b35d6da7d1a6ae54f08,7,0,2,7,2
5fc3d41149c0c8728f07b95b,1,0,2,5,4
5fc3d41149c0c8728f07b95b,2,1,3,6,4
5fc3d41149c0c8728f07b95b,3,1,4,6,5
5fc3d41149c0c8728f07b95b,4,0,3,6,5
5fc3d41149c0c8728f07b95b,5,0,4,5,2
5fc3d41149c0c8728f07b95b,6,1,2,6,3
5fc3d41149c0c8728f07b95b,7,1,4,5,3
5fc423afc5dad58229f0c1c0,1,1,2,4,6
5fc423afc5dad58229f0c1c0,2,1,2,6,6
5fc423afc5dad58229f0c1c0,3,1,2,6,5
5fc423afc5dad58229f0c1c0,4,1,3,6,5
5fc423afc5dad58229f0c1c0,5,1,3,4,5
5fc423afc5dad58229f0c1c0,6,1,2,6,4
5fc423afc5dad58229f0c1c0,7,1,1,3,5
5fc98fe1b105424d4b03381b,1,1,1,2,2
5fc98fe1b105424d4b03381b,2,1,1,3,2
5fc98fe1b105424d4b03381b,3,0,1,1,1
5fc98fe1b105424d4b03381b,4,0,1,2,1
5fc98fe1b105424d4b03381b,5,1,1,3,2
5fc98fe1b105424d4b03381b,6,0,1,1,1
5fc98fe1b105424d4b03381b,7,0,1,3,1
5fe112243ce806b5704eca6e,1,0,5,7,7
5fe112243ce806b5704eca6e,2,0,5,7,7
5fe112243ce806b5704eca6e,3,0,3,6,7
5fe112243ce806b5704eca6e,4,1,4,7,6
5fe112243ce806b5704eca6e,5,0,2,7,7
5fe112243ce806b5704eca6e,6,0,1,7,7
5fe112243ce806b5704eca6e,7,0,2,7,7
5feb65120b1a44738e27ae4f,1,0,4,4,4
5feb65120b1a44738e27ae4f,2,0,4,4,5
5feb65120b1a44738e27ae4f,3,1,4,4,4
5feb65120b1a44738e27ae4f,4,0,6,4,5
5feb65120b1a44738e27ae4f,5,0,4,4,3
5feb65120b1a44738e27ae4f,6,1,4,4,4
5feb65120b1a44738e27ae4f,7,1,5,4,4
5fed6c9c0d786daf31f29f3d,1,0,3,6,4
5fed6c9c0d786daf31f29f3d,2,0,4,3,3
5fed6c9c0d786daf31f29f3d,3,0,4,4,3
5fed6c9c0d786daf31f29f3d,4,0,4,3,4
5fed6c9c0d786daf31f29f3d,5,1,3,6,4
5fed6c9c0d786daf31f29f3d,6,1,4,5,3
5fed6c9c0d786daf31f29f3d,7,0,5,6,4
5ff94e71c59814230b0fb713,1,0,3,4,2
5ff94e71c59814230b0fb713,2,0,2,6,2
5ff94e71c59814230b0fb713,3,0,2,6,2
5ff94e71c59814230b0fb713,4,0,3,6,1
5ff94e71c59814230b0fb713,5,0,1,7,1
5ff94e71c59814230b0fb713,6,0,1,7,1
5ff94e71c59814230b0fb713,7,0,1,7,1
5ffc9218eb4ab30bbeb6c301,1,0,5,6,6
5ffc9218eb4ab30bbeb6c301,2,0,4,7,4
5ffc9218eb4ab30bbeb6c301,3,0,5,6,5
5ffc9218eb4ab30bbeb6c301,4,0,3,6,4
5ffc9218eb4ab30bbeb6c301,5,0,6,7,6
5ffc9218eb4ab30bbeb6c301,6,1,4,6,5
5ffc9218eb4ab30bbeb6c301,7,1,6,5,5
6018a5c0e1600b187ccb8693,1,0,1,5,2
6018a5c0e1600b187ccb8693,2,1,2,3,3
6018a5c0e1600b187ccb8693,3,1,2,2,4
6018a5c0e1600b187ccb8693,4,1,2,3,4
6018a5c0e1600b187ccb8693,5,1,2,2,3
6018a5c0e1600b187ccb8693,6,1,3,2,2
6018a5c0e1600b187ccb8693,7,1,2,2,3
601b28841ca7bb2f8edaa293,1,0,1,7,1
601b28841ca7bb2f8edaa293,2,0,1,7,1
601b28841ca7bb2f8edaa293,3,0,1,7,1
601b28841ca7bb2f8edaa293,4,0,1,7,1
601b28841ca7bb2f8edaa293,5,0,1,7,1
601b28841ca7bb2f8edaa293,6,0,1,7,1
601b28841ca7bb2f8edaa293,7,0,1,7,1
60318abd5f6c24103dd02a1f,1,0,2,6,4
60318abd5f6c24103dd02a1f,2,0,3,6,5
60318abd5f6c24103dd02a1f,3,1,4,5,5
60318abd5f6c24103dd02a1f,4,1,4,5,5
60318abd5f6c24103dd02a1f,5,1,4,6,5
60318abd5f6c24103dd02a1f,6,1,5,6,4
60318abd5f6c24103dd02a1f,7,1,5,6,4
6038754c27f8091c6c888f05,1,0,3,6,2
6038754c27f8091c6c888f05,2,0,2,7,3
6038754c27f8091c6c888f05,3,0,4,6,4
6038754c27f8091c6c888f05,4,0,1,6,3
6038754c27f8091c6c888f05,5,0,2,6,4
6038754c27f8091c6c888f05,6,0,1,7,4
6038754c27f8091c6c888f05,7,0,2,5,4
6051536b3e81428095504b35,1,0,2,2,2
6051536b3e81428095504b35,2,1,3,4,4
6051536b3e81428095504b35,3,1,5,4,3
6051536b3e81428095504b35,4,0,2,3,2
6051536b3e81428095504b35,5,1,4,4,2
6051536b3e81428095504b35,6,0,5,6,4
6051536b3e81428095504b35,7,0,5,5,2
605e6f4f35800996a22ac0ab,1,1,6,7,7
605e6f4f35800996a22ac0ab,2,1,6,7,7
605e6f4f35800996a22ac0ab,3,0,4,7,5
605e6f4f35800996a22ac0ab,4,1,5,7,6
605e6f4f35800996a22ac0ab,5,1,3,7,4
605e6f4f35800996a22ac0ab,6,1,1,7,4
605e6f4f35800996a22ac0ab,7,1,3,7,3
606604f1ca47696cf97529c0,1,0,1,7,7
606604f1ca47696cf97529c0,2,0,1,7,7
606604f1ca47696cf97529c0,3,0,1,7,7
606604f1ca47696cf97529c0,4,0,1,7,7
606604f1ca47696cf97529c0,5,0,1,7,7
606604f1ca47696cf97529c0,6,0,1,7,7
606604f1ca47696cf97529c0,7,0,1,7,7
6073ad2cd288215f64f51efa,1,1,1,7,7
6073ad2cd288215f64f51efa,2,0,1,7,7
6073ad2cd288215f64f51efa,3,0,1,7,7
6073ad2cd288215f64f51efa,4,1,1,7,7
6073ad2cd288215f64f51efa,5,0,1,7,7
6073ad2cd288215f64f51efa,6,1,4,7,7
6073ad2cd288215f64f51efa,7,1,1,7,7
6077a808b8d8534a901e5d78,1,0,2,2,5
6077a808b8d8534a901e5d78,2,0,2,4,5
6077a808b8d8534a901e5d78,3,0,2,6,4
6077a808b8d8534a901e5d78,4,0,3,4,5
6077a808b8d8534a901e5d78,5,0,3,3,4
6077a808b8d8534a901e5d78,6,1,2,3,5
6077a808b8d8534a901e5d78,7,0,2,4,3
607db957e9d570c7c2657b8d,1,0,1,2,7
607db957e9d570c7c2657b8d,2,0,1,2,7
607db957e9d570c7c2657b8d,3,0,1,1,7
607db957e9d570c7c2657b8d,4,0,1,1,7
607db957e9d570c7c2657b8d,5,0,1,1,7
607db957e9d570c7c2657b8d,6,0,1,1,7
607db957e9d570c7c2657b8d,7,0,1,1,7
60833ce5197d68cff9df1b83,1,0,1,2,3
60833ce5197d68cff9df1b83,2,0,1,1,3
60833ce5197d68cff9df1b83,3,0,1,1,3
60833ce5197d68cff9df1b83,4,1,2,3,1
60833ce5197d68cff9df1b83,5,0,3,1,1
60833ce5197d68cff9df1b83,6,0,1,1,1
60833ce5197d68cff9df1b83,7,0,1,1,3
608bfa04767191aa4d57bfd8,1,1,3,4,6
608bfa04767191aa4d57bfd8,2,0,1,6,6
608bfa04767191aa4d57bfd8,3,0,2,7,5
608bfa04767191aa4d57bfd8,4,1,5,3,6
608bfa04767191aa4d57bfd8,5,1,6,2,6
608bfa04767191aa4d57bfd8,6,1,7,2,5
608bfa04767191aa4d57bfd8,7,0,2,6,4
6091ab55ea2e97910519f8e7,1,0,1,7,7
6091ab55ea2e97910519f8e7,2,0,5,7,2
6091ab55ea2e97910519f8e7,3,0,6,7,2
6091ab55ea2e97910519f8e7,4,0,6,7,6
6091ab55ea2e97910519f8e7,5,0,7,7,5
6091ab55ea2e97910519f8e7,6,0,6,7,6
6091ab55ea2e97910519f8e7,7,0,6,7,6
6091ebb375f9f6e9e1acaef8,1,0,5,7,5
6091ebb375f9f6e9e1acaef8,2,0,4,6,4
6091ebb375f9f6e9e1acaef8,3,0,5,6,7
6091ebb375f9f6e9e1acaef8,4,1,6,6,7
6091ebb375f9f6e9e1acaef8,5,1,7,4,7
6091ebb375f9f6e9e1acaef8,6,1,6,6,5
6091ebb375f9f6e9e1acaef8,7,0,7,6,7
6095a3cfda27eb98bb3b74f0,1,0,4,7,7
6095a3cfda27eb98bb3b74f0,2,0,4,7,7
6095a3cfda27eb98bb3b74f0,3,0,4,7,7
6095a3cfda27eb98bb3b74f0,4,0,4,7,7
6095a3cfda27eb98bb3b74f0,5,0,4,7,7
6095a3cfda27eb98bb3b74f0,6,0,4,7,7
6095a3cfda27eb98bb3b74f0,7,0,4,7,7
60b4a8a01d08a9bfb5f1e408,1,1,4,5,5
60b4a8a01d08a9bfb5f1e408,2,0,4,6,6
60b4a8a01d08a9bfb5f1e408,3,1,5,6,6
60b4a8a01d08a9bfb5f1e408,4,0,5,5,7
60b4a8a01d08a9bfb5f1e408,5,1,6,6,5
60b4a8a01d08a9bfb5f1e408,6,0,4,6,5
60b4a8a01d08a9bfb5f1e408,7,0,5,6,4
60b7f09a4462d1d1aa6bbcf6,1,1,1,4,4
60b7f09a4462d1d1aa6bbcf6,2,0,1,4,2
60b7f09a4462d1d1aa6bbcf6,3,0,1,5,3
60b7f09a4462d1d1aa6bbcf6,4,1,1,4,6
60b7f09a4462d1d1aa6bbcf6,5,1,3,4,3
60b7f09a4462d1d1aa6bbcf6,6,1,1,3,4
60b7f09a4462d1d1aa6bbcf6,7,0,1,3,3
60bff9298f56d55c8ecd9adf,1,1,6,5,5
60bff9298f56d55c8ecd9adf,2,0,1,6,1
60bff9298f56d55c8ecd9adf,3,1,3,7,4
60bff9298f56d55c8ecd9adf,4,0,1,3,1
60bff9298f56d55c8ecd9adf,5,1,5,7,5
60bff9298f56d55c8ecd9adf,6,1,4,5,5
60bff9298f56d55c8ecd9adf,7,0,1,5,1
60c119b30aa5205b493541b6,1,0,2,5,6
60c119b30aa5205b493541b6,2,0,5,7,6
60c119b30aa5205b493541b6,3,0,6,7,7
60c119b30aa5205b493541b6,4,0,4,5,5
60c119b30aa5205b493541b6,5,0,6,6,7
60c119b30aa5205b493541b6,6,0,6,7,7
60c119b30aa5205b493541b6,7,0,7,7,7
60c29943af9212fdd7840b93,1,0,5,3,5
60c29943af9212fdd7840b93,2,0,5,7,6
60c29943af9212fdd7840b93,3,1,6,5,4
60c29943af9212fdd7840b93,4,1,4,5,6
60c29943af9212fdd7840b93,5,1,7,2,4
60c29943af9212fdd7840b93,6,1,6,3,5
60c29943af9212fdd7840b93,7,1,4,7,7
60c381c26357c51532f1b378,1,0,1,2,1
60c381c26357c51532f1b378,2,0,1,1,2
60c381c26357c51532f1b378,3,1,2,3,4
60c381c26357c51532f1b378,4,1,2,5,4
60c381c26357c51532f1b378,5,1,2,5,5
60c381c26357c51532f1b378,6,1,3,6,2
60c381c26357c51532f1b378,7,1,4,7,3
60cc67809f92d570ba4dc2c5,1,0,2,1,1
60cc67809f92d570ba4dc2c5,2,0,2,3,4
60cc67809f92d570ba4dc2c5,3,0,2,3,3
60cc67809f92d570ba4dc2c5,4,0,1,4,2
60cc67809f92d570ba4dc2c5,5,0,1,3,3
60cc67809f92d570ba4dc2c5,6,1,2,3,3
60cc67809f92d570ba4dc2c5,7,1,2,3,3
60d460ee1809d22f5121ead4,1,1,6,4,7
60d460ee1809d22f5121ead4,2,1,7,6,6
60d460ee1809d22f5121ead4,3,0,7,7,2
60d460ee1809d22f5121ead4,4,1,5,7,6
60d460ee1809d22f5121ead4,5,1,7,7,7
60d460ee1809d22f5121ead4,6,1,7,7,7
60d460ee1809d22f5121ead4,7,1,7,7,7
60d64ec5cf4d757686ac4f14,1,1,4,4,3
60d64ec5cf4d757686ac4f14,2,0,4,2,2
60d64ec5cf4d757686ac4f14,3,1,2,5,7
60d64ec5cf4d757686ac4f14,4,0,5,3,2
60d64ec5cf4d757686ac4f14,5,0,5,3,1
60d64ec5cf4d757686ac4f14,6,0,3,2,2
60d64ec5cf4d757686ac4f14,7,0,6,2,2
60e1d5f866e681d7e33fd01c,1,1,7,5,7
60e1d5f866e681d7e33fd01c,2,1,7,7,7
60e1d5f866e681d7e33fd01c,3,1,7,7,7
60e1d5f866e681d7e33fd01c,4,1,7,7,7
60e1d5f866e681d7e33fd01c,5,1,7,7,7
60e1d5f866e681d7e33fd01c,6,1,7,7,7
60e1d5f866e681d7e33fd01c,7,1,7,7,7
60ed8f50e13ce18a6d406a09,1,0,3,3,7
60ed8f50e13ce18a6d406a09,2,0,4,2,5
60ed8f50e13ce18a6d406a09,3,0,4,4,5
60ed8f50e13ce18a6d406a09,4,0,4,4,5
60ed8f50e13ce18a6d406a09,5,0,3,5,4
60ed8f50e13ce18a6d406a09,6,0,5,3,4
60ed8f50e13ce18a6d406a09,7,0,3,3,5
60fc2ec58ad0da367daee3c1,1,1,2,7,7
60fc2ec58ad0da367daee3c1,2,0,1,7,7
60fc2ec58ad0da367daee3c1,3,0,1,7,7
60fc2ec58ad0da367daee3c1,4,1,3,7,7
60fc2ec58ad0da367daee3c1,5,0,4,7,7
60fc2ec58ad0da367daee3c1,6,1,4,7,7
60fc2ec58ad0da367daee3c1,7,0,1,5,7
60fcc5f1ad050c77f804057b,1,0,3,7,2
60fcc5f1ad050c77f804057b,2,0,3,6,3
60fcc5f1ad050c77f804057b,3,1,5,6,5
60fcc5f1ad050c77f804057b,4,1,4,5,5
60fcc5f1ad050c77f804057b,5,0,1,6,2
60fcc5f1ad050c77f804057b,6,1,3,5,4
60fcc5f1ad050c77f804057b,7,0,2,6,3
60fd592929e8016e53a167a6,1,0,5,6,4
60fd592929e8016e53a167a6,2,0,5,6,6
60fd592929e8016e53a167a6,3,1,5,6,4
60fd592929e8016e53a167a6,4,0,3,4,3
60fd592929e8016e53a167a6,5,1,5,5,4
60fd592929e8016e53a167a6,6,0,5,4,4
60fd592929e8016e53a167a6,7,0,4,5,3
60fde74940100db428b34a06,1,0,1,7,1
60fde74940100db428b34a06,2,0,1,6,3
60fde74940100db428b34a06,3,0,1,4,7
60fde74940100db428b34a06,4,0,5,7,5
60fde74940100db428b34a06,5,0,1,6,6
60fde74940100db428b34a06,6,0,1,2,2
60fde74940100db428b34a06,7,0,1,7,6
60fe3f623a905f955c654cb5,1,0,1,6,2
60fe3f623a905f955c654cb5,2,0,6,2,2
60fe3f623a905f955c654cb5,3,0,6,2,2
60fe3f623a905f955c654cb5,4,0,2,2,2
60fe3f623a905f955c654cb5,5,0,2,2,2
60fe3f623a905f955c654cb5,6,0,2,2,2
60fe3f623a905f955c654cb5,7,0,2,2,2
60fe7748a8ef9311de5f2fcd,1,0,2,6,5
60fe7748a8ef9311de5f2fcd,2,0,2,7,5
60fe7748a8ef9311de5f2fcd,3,0,3,6,5
60fe7748a8ef9311de5f2fcd,4,1,2,7,5
60fe7748a8ef9311de5f2fcd,5,0,2,7,5
60fe7748a8ef9311de5f2fcd,6,1,3,7,5
60fe7748a8ef9311de5f2fcd,7,0,2,7,5
60fefd6de6b470fd133b7d5d,1,0,7,5,4
60fefd6de6b470fd133b7d5d,2,1,4,2,3
60fefd6de6b470fd133b7d5d,3,0,5,6,3
60fefd6de6b470fd133b7d5d,4,1,5,3,3
60fefd6de6b470fd133b7d5d,5,0,3,2,3
60fefd6de6b470fd133b7d5d,6,0,5,6,5
60fefd6de6b470fd133b7d5d,7,1,2,2,7
610058f21b82dddf45b44009,1,0,4,6,5
610058f21b82dddf45b44009,2,0,6,7,4
610058f21b82dddf45b44009,3,0,5,7,4
610058f21b82dddf45b44009,4,0,6,7,3
610058f21b82dddf45b44009,5,0,7,7,3
610058f21b82dddf45b44009,6,0,6,6,4
610058f21b82dddf45b44009,7,0,6,6,5
610325a6052741bbfb84bcd1,1,0,1,5,2
610325a6052741bbfb84bcd1,2,0,1,7,1
610325a6052741bbfb84bcd1,3,0,2,7,2
610325a6052741bbfb84bcd1,4,0,1,7,1
610325a6052741bbfb84bcd1,5,0,1,7,1
610325a6052741bbfb84bcd1,6,0,1,7,1
610325a6052741bbfb84bcd1,7,0,3,7,1
61041a3b4159985f5294a436,1,1,1,3,3
61041a3b4159985f5294a436,2,0,1,1,1
61041a3b4159985f5294a436,3,0,1,2,1
61041a3b4159985f5294a436,4,1,2,3,2
61041a3b4159985f5294a436,5,0,1,1,1
61041a3b4159985f5294a436,6,0,1,2,1
61041a3b4159985f5294a436,7,0,1,1,1
6105619fd55674bb2c2f0f74,1,0,2,5,6
6105619fd55674bb2c2f0f74,2,0,1,7,4
6105619fd55674bb2c2f0f74,3,0,3,5,6
6105619fd55674bb2c2f0f74,4,0,3,4,6
6105619fd55674bb2c2f0f74,5,0,1,5,6
6105619fd55674bb2c2f0f74,6,0,2,5,6
6105619fd55674bb2c2f0f74,7,0,3,6,6
6108295fdd0270d7544b5a8a,1,1,2,7,4
6108295fdd0270d7544b5a8a,2,1,2,7,4
6108295fdd0270d7544b5a8a,3,0,1,3,3
6108295fdd0270d7544b5a8a,4,0,1,4,4
6108295fdd0270d7544b5a8a,5,1,3,4,5
6108295fdd0270d7544b5a8a,6,1,5,5,3
6108295fdd0270d7544b5a8a,7,1,5,4,2
610a40ffbf11d261514a7c0a,1,1,1,4,7
610a40ffbf11d261514a7c0a,2,0,1,1,5
610a40ffbf11d261514a7c0a,3,1,3,3,4
610a40ffbf11d261514a7c0a,4,0,3,1,4
610a40ffbf11d261514a7c0a,5,0,1,1,4
610a40ffbf11d261514a7c0a,6,1,3,7,5
610a40ffbf11d261514a7c0a,7,0,4,6,3
610f615654fdbcac0f485a9d,1,0,7,7,2
610f615654fdbcac0f485a9d,2,1,5,7,3
610f615654fdbcac0f485a9d,3,0,3,7,3
610f615654fdbcac0f485a9d,4,0,3,7,3
610f615654fdbcac0f485a9d,5,1,5,7,3
610f615654fdbcac0f485a9d,6,0,5,7,3
610f615654fdbcac0f485a9d,7,0,4,7,3
6111234ac8cfa49e38acbfb4,1,0,1,1,7
6111234ac8cfa49e38acbfb4,2,0,1,3,7
6111234ac8cfa49e38acbfb4,3,0,1,1,7
6111234ac8cfa49e38acbfb4,4,1,1,3,7
6111234ac8cfa49e38acbfb4,5,1,1,3,7
6111234ac8cfa49e38acbfb4,6,0,1,1,5
6111234ac8cfa49e38acbfb4,7,0,1,1,5
611131e47725f6a04c723651,1,0,1,5,6
611131e47725f6a04c723651,2,0,1,7,1
611131e47725f6a04c723651,3,1,1,7,7
611131e47725f6a04c723651,4,0,1,4,1
611131e47725f6a04c723651,5,1,4,7,1
611131e47725f6a04c723651,6,0,3,5,7
611131e47725f6a04c723651,7,0,1,4,1
61206e8d3e6a6ccdd064637c,1,1,2,6,3
61206e8d3e6a6ccdd064637c,2,1,2,6,3
61206e8d3e6a6ccdd064637c,3,1,2,7,6
61206e8d3e6a6ccdd064637c,4,1,2,6,4
61206e8d3e6a6ccdd064637c,5,0,2,6,3
61206e8d3e6a6ccdd064637c,6,0,2,6,4
61206e8d3e6a6ccdd064637c,7,0,3,6,4
612b86da38f96808af7bb1da,1,0,3,6,5
612b86da38f96808af7bb1da,2,0,3,6,6
612b86da38f96808af7bb1da,3,0,5,6,5
612b86da38f96808af7bb1da,4,0,5,6,4
612b86da38f96808af7bb1da,5,0,4,7,6
612b86da38f96808af7bb1da,6,0,6,6,6
612b86da38f96808af7bb1da,7,0,4,6,5
61313473de5462f652bb133c,1,0,6,4,5
61313473de5462f652bb133c,2,1,5,2,3
61313473de5462f652bb133c,3,0,5,4,4
61313473de5462f652bb133c,4,0,3,6,3
61313473de5462f652bb133c,5,0,2,7,6
61313473de5462f652bb133c,6,0,4,3,2
61313473de5462f652bb133c,7,0,3,1,1
61372727e083e6cd1c827f81,1,0,1,7,1
61372727e083e6cd1c827f81,2,0,1,7,1
61372727e083e6cd1c827f81,3,0,1,7,1
61372727e083e6cd1c827f81,4,0,1,7,1
61372727e083e6cd1c827f81,5,0,1,7,1
61372727e083e6cd1c827f81,6,0,1,7,1
61372727e083e6cd1c827f81,7,0,1,7,1
614e2b2bd900d5f91096ac12,1,0,2,5,2
614e2b2bd900d5f91096ac12,2,0,3,5,2
614e2b2bd900d5f91096ac12,3,0,4,6,3
614e2b2bd900d5f91096ac12,4,0,3,5,3
614e2b2bd900d5f91096ac12,5,0,4,5,3
614e2b2bd900d5f91096ac12,6,0,3,5,3
614e2b2bd900d5f91096ac12,7,0,3,5,3
614ead1e38ca4b390b860c23,1,0,1,7,1
614ead1e38ca4b390b860c23,2,0,1,7,1
614ead1e38ca4b390b860c23,3,0,1,7,1
614ead1e38ca4b390b860c23,4,0,1,7,1
614ead1e38ca4b390b860c23,5,0,1,7,1
614ead1e38ca4b390b860c23,6,0,1,7,1
614ead1e38ca4b390b860c23,7,0,1,7,1
6150b927614a4f154f311f9d,1,0,1,1,1
6150b927614a4f154f311f9d,2,0,1,1,1
6150b927614a4f154f311f9d,3,0,1,1,1
6150b927614a4f154f311f9d,4,0,1,2,1
6150b927614a4f154f311f9d,5,0,1,1,1
6150b927614a4f154f311f9d,6,0,1,1,1
6150b927614a4f154f311f9d,7,0,1,1,1
615374d9fd9b41728babd974,1,1,7,7,1
615374d9fd9b41728babd974,2,0,7,7,1
615374d9fd9b41728babd974,3,0,7,7,1
615374d9fd9b41728babd974,4,1,7,7,1
615374d9fd9b41728babd974,5,0,7,7,1
615374d9fd9b41728babd974,6,0,7,7,1
615374d9fd9b41728babd974,7,0,7,7,1
615d051e2366aeb051acb734,1,0,1,3,1
615d051e2366aeb051acb734,2,0,1,4,1
615d051e2366aeb051acb734,3,0,1,4,1
615d051e2366aeb051acb734,4,1,1,6,3
615d051e2366aeb051acb734,5,1,1,6,4
615d051e2366aeb051acb734,6,0,1,4,1
615d051e2366aeb051acb734,7,1,1,6,3
616567af93f2b71b50c3ff85,1,0,5,6,3
616567af93f2b71b50c3ff85,2,0,6,7,5
616567af93f2b71b50c3ff85,3,0,5,7,5
616567af93f2b71b50c3ff85,4,0,5,6,5
616567af93f2b71b50c3ff85,5,0,5,5,5
616567af93f2b71b50c3ff85,6,1,7,7,7
616567af93f2b71b50c3ff85,7,0,6,7,6
6165a91cfe487d469c4242fd,1,0,2,5,2
6165a91cfe487d469c4242fd,2,0,2,2,2
6165a91cfe487d469c4242fd,3,0,1,2,2
6165a91cfe487d469c4242fd,4,0,1,2,2
6165a91cfe487d469c4242fd,5,0,2,3,2
6165a91cfe487d469c4242fd,6,0,1,2,2
6165a91cfe487d469c4242fd,7,0,1,2,2
61692abb0f3acf7a49d91533,1,0,7,1,3
61692abb0f3acf7a49d91533,2,1,2,3,7
61692abb0f3acf7a49d91533,3,1,7,1,5
61692abb0f3acf7a49d91533,4,1,7,2,4
61692abb0f3acf7a49d91533,5,1,4,3,7
61692abb0f3acf7a49d91533,6,1,7,2,3
61692abb0f3acf7a49d91533,7,0,5,3,2
616f4e920ed4bf68c708dde3,1,0,4,5,6
616f4e920ed4bf68c708dde3,2,0,1,7,7
616f4e920ed4bf68c708dde3,3,1,2,7,6
616f4e920ed4bf68c708dde3,4,0,1,7,7
616f4e920ed4bf68c708dde3,5,1,5,7,7
616f4e920ed4bf68c708dde3,6,1,3,7,7
616f4e920ed4bf68c708dde3,7,0,1,7,7
62349b2406ea604d296bd69d,1,0,6,6,6
62349b2406ea604d296bd69d,2,1,6,5,5
62349b2406ea604d296bd69d,3,0,6,6,5
62349b2406ea604d296bd69d,4,1,5,6,5
62349b2406ea604d296bd69d,5,0,4,7,5
62349b2406ea604d296bd69d,6,0,5,5,4
62349b2406ea604d296bd69d,7,0,4,4,4
627936b58e6416782149ddcb,1,0,3,6,5
627936b58e6416782149ddcb,2,1,3,6,4
627936b58e6416782149ddcb,3,1,4,5,3
627936b58e6416782149ddcb,4,1,3,5,5
627936b58e6416782149ddcb,5,0,2,5,4
627936b58e6416782149ddcb,6,0,2,5,4
627936b58e6416782149ddcb,7,0,3,5,4
62826a0d905d486567a481c4,1,0,4,3,4
62826a0d905d486567a481c4,2,0,6,3,4
62826a0d905d486567a481c4,3,0,4,4,7
62826a0d905d486567a481c4,4,0,4,7,7
62826a0d905d486567a481c4,5,1,4,6,4
62826a0d905d486567a481c4,6,0,4,5,4
62826a0d905d486567a481c4,7,0,3,5,5
628510a698e9e63b21ef9139,1,1,5,6,5
628510a698e9e63b21ef9139,2,0,2,5,4
628510a698e9e63b21ef9139,3,0,2,7,3
628510a698e9e63b21ef9139,4,0,4,4,3
628510a698e9e63b21ef9139,5,1,3,4,4
628510a698e9e63b21ef9139,6,1,3,2,4
628510a698e9e63b21ef9139,7,1,3,4,4
6286575f2d911d52cff2db4e,1,0,1,6,5
6286575f2d911d52cff2db4e,2,0,2,5,6
6286575f2d911d52cff2db4e,3,0,2,6,6
6286575f2d911d52cff2db4e,4,1,1,6,6
6286575f2d911d52cff2db4e,5,0,2,6,5
6286575f2d911d52cff2db4e,6,1,2,5,6
6286575f2d911d52cff2db4e,7,0,1,6,5
62885c14d00376d11632a442,1,0,3,3,5
62885c14d00376d11632a442,2,0,3,6,4
62885c14d00376d11632a442,3,1,3,6,5
62885c14d00376d11632a442,4,1,3,4,4
62885c14d00376d11632a442,5,1,3,6,5
62885c14d00376d11632a442,6,1,3,5,5
62885c14d00376d11632a442,7,1,3,5,5
628b8df25b434f5840a2b3b4,1,0,1,2,2
628b8df25b434f5840a2b3b4,2,0,1,2,2
628b8df25b434f5840a2b3b4,3,0,1,3,2
628b8df25b434f5840a2b3b4,4,0,2,3,2
628b8df25b434f5840a2b3b4,5,0,2,2,2
628b8df25b434f5840a2b3b4,6,0,2,2,2
628b8df25b434f5840a2b3b4,7,0,2,2,2
628c2454c8c66010dd87391d,1,1,1,5,4
628c2454c8c66010dd87391d,2,0,4,5,3
628c2454c8c66010dd87391d,3,0,2,5,5
628c2454c8c66010dd87391d,4,1,5,5,5
628c2454c8c66010dd87391d,5,1,2,3,6
628c2454c8c66010dd87391d,6,0,2,2,5
628c2454c8c66010dd87391d,7,0,3,5,2
628d14b52b5bd1d83ed1f7d2,1,0,1,7,4
628d14b52b5bd1d83ed1f7d2,2,1,1,7,3
628d14b52b5bd1d83ed1f7d2,3,0,1,7,2
628d14b52b5bd1d83ed1f7d2,4,0,1,7,1
628d14b52b5bd1d83ed1f7d2,5,0,1,7,1
628d14b52b5bd1d83ed1f7d2,6,0,1,7,1
628d14b52b5bd1d83ed1f7d2,7,0,1,6,2
628e0063fa56e316da2a71cb,1,1,2,5,6
628e0063fa56e316da2a71cb,2,0,7,3,3
628e0063fa56e316da2a71cb,3,0,1,1,4
628e0063fa56e316da2a71cb,4,1,3,7,6
628e0063fa56e316da2a71cb,5,1,1,2,7
628e0063fa56e316da2a71cb,6,1,5,7,2
628e0063fa56e316da2a71cb,7,1,1,7,7
628eb50c442d584fa8275bcc,1,1,1,7,2
628eb50c442d584fa8275bcc,2,0,1,7,1
628eb50c442d584fa8275bcc,3,1,3,7,4
628eb50c442d584fa8275bcc,4,1,1,7,2
628eb50c442d584fa8275bcc,5,0,1,7,2
628eb50c442d584fa8275bcc,6,0,1,7,1
628eb50c442d584fa8275bcc,7,0,1,7,2
628f827eeb876ed2617881e7,1,0,6,7,6
628f827eeb876ed2617881e7,2,0,6,7,6
628f827eeb876ed2617881e7,3,1,7,7,4
628f827eeb876ed2617881e7,4,0,6,5,5
628f827eeb876ed2617881e7,5,0,4,2,4
628f827eeb876ed2617881e7,6,0,5,5,5
628f827eeb876ed2617881e7,7,0,6,5,6
62976e7114308ee7c69d10ae,1,0,1,6,7
62976e7114308ee7c69d10ae,2,0,1,7,7
62976e7114308ee7c69d10ae,3,0,1,7,7
62976e7114308ee7c69d10ae,4,0,1,7,7
62976e7114308ee7c69d10ae,5,0,1,7,7
62976e7114308ee7c69d10ae,6,0,1,7,7
62976e7114308ee7c69d10ae,7,0,1,7,7
62a733deec84f43ab19f7cca,1,1,3,5,3
62a733deec84f43ab19f7cca,2,1,3,5,3
62a733deec84f43ab19f7cca,3,1,3,5,3
62a733deec84f43ab19f7cca,4,1,3,5,3
62a733deec84f43ab19f7cca,5,1,3,5,3
62a733deec84f43ab19f7cca,6,1,3,5,5
62a733deec84f43ab19f7cca,7,0,5,5,3
62a76dfc808c176cecd72dfa,1,1,2,7,5
62a76dfc808c176cecd72dfa,2,0,1,3,7
62a76dfc808c176cecd72dfa,3,0,1,4,6
62a76dfc808c176cecd72dfa,4,0,1,5,5
62a76dfc808c176cecd72dfa,5,0,1,2,7
62a76dfc808c176cecd72dfa,6,0,1,2,7
62a76dfc808c176cecd72dfa,7,0,1,1,6
62a885d5b6af18b3d4579e1b,1,0,1,2,3
62a885d5b6af18b3d4579e1b,2,0,1,1,1
62a885d5b6af18b3d4579e1b,3,0,1,1,1
62a885d5b6af18b3d4579e1b,4,0,1,1,1
62a885d5b6af18b3d4579e1b,5,0,1,1,1
62a885d5b6af18b3d4579e1b,6,0,1,1,1
62a885d5b6af18b3d4579e1b,7,0,1,1,1
62b0ff84054c6ca32f481c65,1,0,7,7,3
62b0ff84054c6ca32f481c65,2,0,7,7,5
62b0ff84054c6ca32f481c65,3,0,4,4,2
62b0ff84054c6ca32f481c65,4,0,4,4,4
62b0ff84054c6ca32f481c65,5,0,6,1,4
62b0ff84054c6ca32f481c65,6,0,6,4,4
62b0ff84054c6ca32f481c65,7,0,6,3,3
62b20575b356fba8715fae82,1,0,1,1,2
62b20575b356fba8715fae82,2,0,1,1,1
62b20575b356fba8715fae82,3,0,1,3,1
62b20575b356fba8715fae82,4,0,1,3,1
62b20575b356fba8715fae82,5,0,2,1,2
62b20575b356fba8715fae82,6,1,2,4,1
62b20575b356fba8715fae82,7,1,2,2,3
62b5dd0fb9686d325c7d1f15,1,0,1,7,5
62b5dd0fb9686d325c7d1f15,2,1,1,7,7
62b5dd0fb9686d325c7d1f15,3,1,1,7,7
62b5dd0fb9686d325c7d1f15,4,0,1,7,3
62b5dd0fb9686d325c7d1f15,5,1,1,7,7
62b5dd0fb9686d325c7d1f15,6,0,1,7,7
62b5dd0fb9686d325c7d1f15,7,0,1,7,7
62b9b95e108fbc4df78a2956,1,0,4,2,4
62b9b95e108fbc4df78a2956,2,1,3,2,4
62b9b95e108fbc4df78a2956,3,1,4,2,4
62b9b95e108fbc4df78a2956,4,1,4,2,4
62b9b95e108fbc4df78a2956,5,1,4,2,4
62b9b95e108fbc4df78a2956,6,1,4,2,4
62b9b95e108fbc4df78a2956,7,1,4,2,4
62bd1d1283b326cde10cf27a,1,1,3,5,6
62bd1d1283b326cde10cf27a,2,1,2,5,6
62bd1d1283b326cde10cf27a,3,1,4,6,7
62bd1d1283b326cde10cf27a,4,1,4,7,7
62bd1d1283b326cde10cf27a,5,1,5,6,6
62bd1d1283b326cde10cf27a,6,1,5,7,7
62bd1d1283b326cde10cf27a,7,1,3,6,6
62bdad093f129a724c4dd7b2,1,0,2,5,4
62bdad093f129a724c4dd7b2,2,1,5,7,6
62bdad093f129a724c4dd7b2,3,1,7,7,6
62bdad093f129a724c4dd7b2,4,1,7,7,4
62bdad093f129a724c4dd7b2,5,1,5,7,4
62bdad093f129a724c4dd7b2,6,1,5,7,4
62bdad093f129a724c4dd7b2,7,0,3,7,6
62bdc30224534809032cf056,1,1,3,5,3
62bdc30224534809032cf056,2,0,2,6,1
62bdc30224534809032cf056,3,1,1,7,5
62bdc30224534809032cf056,4,1,3,7,3
62bdc30224534809032cf056,5,0,1,7,1
62bdc30224534809032cf056,6,1,2,5,4
62bdc30224534809032cf056,7,0,1,7,1
62c5cdfe50000fce3e390be0,1,1,4,7,6
62c5cdfe50000fce3e390be0,2,0,5,3,7
62c5cdfe50000fce3e390be0,3,1,4,4,7
62c5cdfe50000fce3e390be0,4,0,1,5,3
62c5cdfe50000fce3e390be0,5,0,1,3,2
62c5cdfe50000fce3e390be0,6,1,4,5,5
62c5cdfe50000fce3e390be0,7,1,3,2,5
62c5e6468dd7b941f69aa604,1,0,4,5,7
62c5e6468dd7b941f69aa604,2,1,4,6,6
62c5e6468dd7b941f69aa604,3,1,3,5,7
62c5e6468dd7b941f69aa604,4,1,5,6,7
62c5e6468dd7b941f69aa604,5,1,6,6,7
62c5e6468dd7b941f69aa604,6,1,5,6,7
62c5e6468dd7b941f69aa604,7,1,4,6,7
62c63362e7342ad8be294866,1,1,2,3,2
62c63362e7342ad8be294866,2,0,1,2,2
62c63362e7342ad8be294866,3,0,1,1,1
62c63362e7342ad8be294866,4,1,3,3,2
62c63362e7342ad8be294866,5,0,2,2,2
62c63362e7342ad8be294866,6,1,2,2,2
62c63362e7342ad8be294866,7,0,1,1,1
62cc9a938512898953c46e71,1,0,6,4,4
62cc9a938512898953c46e71,2,0,5,2,3
62cc9a938512898953c46e71,3,0,4,3,5
62cc9a938512898953c46e71,4,0,3,2,2
62cc9a938512898953c46e71,5,0,5,4,3
62cc9a938512898953c46e71,6,0,6,2,2
62cc9a938512898953c46e71,7,0,3,3,1
62ceba5fdab49dfc90278cbb,1,0,7,7,2
62ceba5fdab49dfc90278cbb,2,0,6,5,2
62ceba5fdab49dfc90278cbb,3,1,7,7,6
62ceba5fdab49dfc90278cbb,4,1,5,6,5
62ceba5fdab49dfc90278cbb,5,1,7,7,7
62ceba5fdab49dfc90278cbb,6,1,5,7,6
62ceba5fdab49dfc90278cbb,7,0,4,5,1
62cf1b74abd9894b74d28a00,1,0,2,5,3
62cf1b74abd9894b74d28a00,2,0,3,6,3
62cf1b74abd9894b74d28a00,3,0,2,6,2
62cf1b74abd9894b74d28a00,4,0,2,5,3
62cf1b74abd9894b74d28a00,5,0,2,6,2
62cf1b74abd9894b74d28a00,6,0,2,6,2
62cf1b74abd9894b74d28a00,7,0,3,6,2
62d0a258e5efefa14eb29647,1,0,3,6,3
62d0a258e5efefa14eb29647,2,0,3,5,5
62d0a258e5efefa14eb29647,3,0,5,5,4
62d0a258e5efefa14eb29647,4,0,4,5,4
62d0a258e5efefa14eb29647,5,0,4,5,5
62d0a258e5efefa14eb29647,6,0,4,5,5
62d0a258e5efefa14eb29647,7,0,4,5,5
62d133496cf7f774b8bf98a0,1,0,2,6,5
62d133496cf7f774b8bf98a0,2,0,3,6,5
62d133496cf7f774b8bf98a0,3,0,5,7,6
62d133496cf7f774b8bf98a0,4,0,5,6,6
62d133496cf7f774b8bf98a0,5,0,6,7,6
62d133496cf7f774b8bf98a0,6,0,6,7,6
62d133496cf7f774b8bf98a0,7,0,6,7,6
62dc6fd89dd8473b3671357e,1,1,4,3,4
62dc6fd89dd8473b3671357e,2,1,5,6,5
62dc6fd89dd8473b3671357e,3,1,2,6,6
62dc6fd89dd8473b3671357e,4,1,3,6,6
62dc6fd89dd8473b3671357e,5,1,5,6,3
62dc6fd89dd8473b3671357e,6,1,4,3,3
62dc6fd89dd8473b3671357e,7,1,4,2,5
62e2d5c238c450c3579dfa91,1,1,3,4,5
62e2d5c238c450c3579dfa91,2,1,4,5,5
62e2d5c238c450c3579dfa91,3,0,5,5,3
62e2d5c238c450c3579dfa91,4,0,4,5,3
62e2d5c238c450c3579dfa91,5,1,3,5,5
62e2d5c238c450c3579dfa91,6,0,4,5,3
62e2d5c238c450c3579dfa91,7,1,3,4,5
62e7f9fec0521e596587319d,1,0,3,6,4
62e7f9fec0521e596587319d,2,0,2,6,3
62e7f9fec0521e596587319d,3,0,4,6,3
62e7f9fec0521e596587319d,4,0,2,5,4
62e7f9fec0521e596587319d,5,0,2,5,4
62e7f9fec0521e596587319d,6,0,3,5,3
62e7f9fec0521e596587319d,7,1,3,5,5
62ea66128e0806710fb41dcc,1,0,1,7,1
62ea66128e0806710fb41dcc,2,1,1,7,2
62ea66128e0806710fb41dcc,3,0,1,7,1
62ea66128e0806710fb41dcc,4,1,2,1,2
62ea66128e0806710fb41dcc,5,0,1,1,1
62ea66128e0806710fb41dcc,6,1,1,4,7
62ea66128e0806710fb41dcc,7,1,5,2,2
62ecb2993d7ecd89154af5d4,1,1,5,3,6
62ecb2993d7ecd89154af5d4,2,1,6,5,6
62ecb2993d7ecd89154af5d4,3,1,7,4,6
62ecb2993d7ecd89154af5d4,4,1,7,7,7
62ecb2993d7ecd89154af5d4,5,1,7,7,7
62ecb2993d7ecd89154af5d4,6,1,7,5,5
62ecb2993d7ecd89154af5d4,7,1,5,5,3
62ef104b5e9352c2ead31fde,1,0,5,4,3
62ef104b5e9352c2ead31fde,2,0,6,7,2
62ef104b5e9352c2ead31fde,3,0,6,3,2
62ef104b5e9352c2ead31fde,4,0,6,2,6
62ef104b5e9352c2ead31fde,5,0,7,2,2
62ef104b5e9352c2ead31fde,6,0,6,2,2
62ef104b5e9352c2ead31fde,7,0,6,2,2
62f557535db76f7f4ab860c7,1,0,1,7,2
62f557535db76f7f4ab860c7,2,0,1,7,2
62f557535db76f7f4ab860c7,3,1,3,7,4
62f557535db76f7f4ab860c7,4,0,2,7,3
62f557535db76f7f4ab860c7,5,0,1,7,2
62f557535db76f7f4ab860c7,6,0,1,7,1
62f557535db76f7f4ab860c7,7,0,1,7,1
6300a8230671f0e8b0a7b0f4,1,0,2,6,6
6300a8230671f0e8b0a7b0f4,2,0,1,6,6
6300a8230671f0e8b0a7b0f4,3,0,2,6,5
6300a8230671f0e8b0a7b0f4,4,0,2,5,5
6300a8230671f0e8b0a7b0f4,5,0,2,5,4
6300a8230671f0e8b0a7b0f4,6,0,1,5,4
6300a8230671f0e8b0a7b0f4,7,0,1,5,4
6304d96fa9bd6e269ae89297,1,1,5,3,3
6304d96fa9bd6e269ae89297,2,1,6,3,3
6304d96fa9bd6e269ae89297,3,1,6,5,4
6304d96fa9bd6e269ae89297,4,1,5,4,3
6304d96fa9bd6e269ae89297,5,1,2,6,5
6304d96fa9bd6e269ae89297,6,1,2,3,4
6304d96fa9bd6e269ae89297,7,1,6,5,4
63052f20afc39e87110eb83e,1,1,1,6,1
63052f20afc39e87110eb83e,2,0,1,7,7
63052f20afc39e87110eb83e,3,1,1,7,6
63052f20afc39e87110eb83e,4,0,1,7,7
63052f20afc39e87110eb83e,5,0,1,7,7
63052f20afc39e87110eb83e,6,0,1,7,7
63052f20afc39e87110eb83e,7,0,1,7,7
630e243eed2fc276f7199fb3,1,1,4,1,7
630e243eed2fc276f7199fb3,2,0,6,6,6
630e243eed2fc276f7199fb3,3,0,5,4,4
630e243eed2fc276f7199fb3,4,0,4,3,3
630e243eed2fc276f7199fb3,5,0,7,7,7
630e243eed2fc276f7199fb3,6,0,5,7,5
630e243eed2fc276f7199fb3,7,1,4,6,4
631bb11a022ba038ef69e7b1,1,1,1,3,2
631bb11a022ba038ef69e7b1,2,0,1,5,1
631bb11a022ba038ef69e7b1,3,0,4,6,1
631bb11a022ba038ef69e7b1,4,0,5,6,2
631bb11a022ba038ef69e7b1,5,0,7,7,1
631bb11a022ba038ef69e7b1,6,0,5,5,1
631bb11a022ba038ef69e7b1,7,0,5,7,1
631bf371cafbcf75cee93374,1,0,4,5,5
631bf371cafbcf75cee93374,2,0,4,5,5
631bf371cafbcf75cee93374,3,1,6,6,4
631bf371cafbcf75cee93374,4,0,4,5,4
631bf371cafbcf75cee93374,5,1,5,4,4
631bf371cafbcf75cee93374,6,1,5,6,6
631bf371cafbcf75cee93374,7,0,4,4,5
631bf96cdf83ffb8f4a7fab8,1,0,1,7,4
631bf96cdf83ffb8f4a7fab8,2,0,1,4,4
631bf96cdf83ffb8f4a7fab8,3,0,1,7,5
631bf96cdf83ffb8f4a7fab8,4,0,1,7,3
631bf96cdf83ffb8f4a7fab8,5,0,1,7,7
631bf96cdf83ffb8f4a7fab8,6,0,1,7,7
631bf96cdf83ffb8f4a7fab8,7,0,1,7,7
63254db937c17e8e9200fd54,1,0,7,5,3
63254db937c17e8e9200fd54,2,1,2,5,4
63254db937c17e8e9200fd54,3,1,1,4,5
63254db937c17e8e9200fd54,4,0,3,6,5
63254db937c17e8e9200fd54,5,0,1,6,5
63254db937c17e8e9200fd54,6,1,2,5,5
63254db937c17e8e9200fd54,7,0,4,5,3
632e9aa62793c18a857aece4,1,0,1,7,6
632e9aa62793c18a857aece4,2,0,2,7,7
632e9aa62793c18a857aece4,3,0,1,7,6
632e9aa62793c18a857aece4,4,0,4,7,5
632e9aa62793c18a857aece4,5,0,6,7,6
632e9aa62793c18a857aece4,6,0,5,7,7
632e9aa62793c18a857aece4,7,0,6,7,7
632f7bec7eb646908138c15c,1,0,3,3,2
632f7bec7eb646908138c15c,2,0,2,3,4
632f7bec7eb646908138c15c,3,1,3,4,5
632f7bec7eb646908138c15c,4,1,4,4,5
632f7bec7eb646908138c15c,5,1,3,5,3
632f7bec7eb646908138c15c,6,0,2,2,4
632f7bec7eb646908138c15c,7,1,4,3,6
6330f30b973410dadd20eb64,1,0,3,6,2
6330f30b973410dadd20eb64,2,0,4,6,2
6330f30b973410dadd20eb64,3,0,2,5,3
6330f30b973410dadd20eb64,4,0,2,3,2
6330f30b973410dadd20eb64,5,0,4,5,2
6330f30b973410dadd20eb64,6,0,4,4,2
6330f30b973410dadd20eb64,7,0,5,5,3
6337cba5cbed8cb3514a6504,1,0,1,5,4
6337cba5cbed8cb3514a6504,2,0,1,6,4
6337cba5cbed8cb3514a6504,3,0,1,6,4
6337cba5cbed8cb3514a6504,4,0,1,5,4
6337cba5cbed8cb3514a6504,5,1,1,6,5
6337cba5cbed8cb3514a6504,6,0,1,6,4
6337cba5cbed8cb3514a6504,7,0,1,5,4
63386db00f7528f25101593c,1,0,2,1,5
63386db00f7528f25101593c,2,0,4,7,5
63386db00f7528f25101593c,3,1,3,7,5
63386db00f7528f25101593c,4,1,3,7,5
63386db00f7528f25101593c,5,1,3,7,5
63386db00f7528f25101593c,6,1,3,7,5
63386db00f7528f25101593c,7,1,3,7,6
6339d33c8ee5d4d4b5607400,1,0,5,4,6
6339d33c8ee5d4d4b5607400,2,0,4,6,4
6339d33c8ee5d4d4b5607400,3,0,4,7,6
6339d33c8ee5d4d4b5607400,4,0,4,6,4
6339d33c8ee5d4d4b5607400,5,0,4,7,4
6339d33c8ee5d4d4b5607400,6,0,4,7,4
6339d33c8ee5d4d4b5607400,7,0,4,7,4
633ad9d63b298a0cb0fd0b05,1,0,2,2,3
633ad9d63b298a0cb0fd0b05,2,0,3,2,3
633ad9d63b298a0cb0fd0b05,3,0,4,1,3
633ad9d63b298a0cb0fd0b05,4,1,5,1,4
633ad9d63b298a0cb0fd0b05,5,0,5,3,4
633ad9d63b298a0cb0fd0b05,6,0,7,5,5
633ad9d63b298a0cb0fd0b05,7,0,3,3,3
63403b7f3fd164408c5ad4b0,1,0,4,6,7
63403b7f3fd164408c5ad4b0,2,0,2,5,7
63403b7f3fd164408c5ad4b0,3,0,2,6,5
63403b7f3fd164408c5ad4b0,4,0,5,4,4
63403b7f3fd164408c5ad4b0,5,0,3,5,4
63403b7f3fd164408c5ad4b0,6,0,2,5,3
63403b7f3fd164408c5ad4b0,7,0,4,6,5
634265d4ff46e9c74d9fe152,1,0,2,6,4
634265d4ff46e9c74d9fe152,2,0,4,6,4
634265d4ff46e9c74d9fe152,3,0,3,5,6
634265d4ff46e9c74d9fe152,4,1,3,3,5
634265d4ff46e9c74d9fe152,5,1,5,4,6
634265d4ff46e9c74d9fe152,6,0,3,4,6
634265d4ff46e9c74d9fe152,7,1,3,4,6
634628e1fb755d3adb009a70,1,0,5,6,2
634628e1fb755d3adb009a70,2,0,5,6,2
634628e1fb755d3adb009a70,3,0,5,5,2
634628e1fb755d3adb009a70,4,0,5,6,3
634628e1fb755d3adb009a70,5,0,5,7,2
634628e1fb755d3adb009a70,6,0,6,7,2
634628e1fb755d3adb009a70,7,0,5,7,2
634696400ff1ac25ed01ad11,1,1,3,3,4
634696400ff1ac25ed01ad11,2,1,5,4,5
634696400ff1ac25ed01ad11,3,1,3,2,3
634696400ff1ac25ed01ad11,4,1,4,5,4
634696400ff1ac25ed01ad11,5,1,5,2,5
634696400ff1ac25ed01ad11,6,1,2,2,2
634696400ff1ac25ed01ad11,7,1,1,5,3
63471914225d90278f470759,1,1,1,6,6
63471914225d90278f470759,2,0,1,6,6
63471914225d90278f470759,3,0,6,6,6
63471914225d90278f470759,4,0,6,6,6
63471914225d90278f470759,5,1,6,6,6
63471914225d90278f470759,6,1,5,6,5
63471914225d90278f470759,7,1,5,6,6
634740193026d2b89955a51a,1,0,5,7,2
634740193026d2b89955a51a,2,0,6,7,2
634740193026d2b89955a51a,3,0,7,6,3
634740193026d2b89955a51a,4,0,4,6,5
634740193026d2b89955a51a,5,0,6,7,4
634740193026d2b89955a51a,6,0,6,5,4
634740193026d2b89955a51a,7,0,6,7,5
634825ebf527096edf593db7,1,0,1,6,3
634825ebf527096edf593db7,2,0,1,6,3
634825ebf527096edf593db7,3,0,1,1,3
634825ebf527096edf593db7,4,0,1,6,3
634825ebf527096edf593db7,5,0,1,5,3
634825ebf527096edf593db7,6,0,1,6,3
634825ebf527096edf593db7,7,0,1,6,3
6348801ddd19d0c7bfddac73,1,0,6,6,7
6348801ddd19d0c7bfddac73,2,0,3,5,6
6348801ddd19d0c7bfddac73,3,1,5,6,6
6348801ddd19d0c7bfddac73,4,0,2,6,5
6348801ddd19d0c7bfddac73,5,0,4,7,6
6348801ddd19d0c7bfddac73,6,0,2,6,6
6348801ddd19d0c7bfddac73,7,0,5,7,6
6348845d31edff3dff1b7799,1,0,3,7,4
6348845d31edff3dff1b7799,2,0,3,7,5
6348845d31edff3dff1b7799,3,0,3,7,4
6348845d31edff3dff1b7799,4,0,2,7,5
6348845d31edff3dff1b7799,5,1,4,6,6
6348845d31edff3dff1b7799,6,1,3,6,7
6348845d31edff3dff1b7799,7,0,2,7,5
6352c60b4a9850783773f265,1,0,1,6,3
6352c60b4a9850783773f265,2,0,1,5,2
6352c60b4a9850783773f265,3,0,2,4,2
6352c60b4a9850783773f265,4,1,2,4,2
6352c60b4a9850783773f265,5,0,1,5,2
6352c60b4a9850783773f265,6,1,2,5,3
6352c60b4a9850783773f265,7,1,2,6,4
63614edb8ec467e6999ff831,1,0,2,5,4
63614edb8ec467e6999ff831,2,1,5,5,6
63614edb8ec467e6999ff831,3,0,2,4,2
63614edb8ec467e6999ff831,4,1,5,5,5
63614edb8ec467e6999ff831,5,1,6,6,6
63614edb8ec467e6999ff831,6,1,5,5,5
63614edb8ec467e6999ff831,7,1,6,5,6
6369dd3bd6a643dc7b42ce62,1,1,6,4,3
6369dd3bd6a643dc7b42ce62,2,1,5,5,4
6369dd3bd6a643dc7b42ce62,3,0,4,6,4
6369dd3bd6a643dc7b42ce62,4,1,3,2,3
6369dd3bd6a643dc7b42ce62,5,1,5,4,4
6369dd3bd6a643dc7b42ce62,6,1,4,4,3
6369dd3bd6a643dc7b42ce62,7,1,5,4,3
637e1f1515c2de2fd5c681dc,1,1,6,5,2
637e1f1515c2de2fd5c681dc,2,1,6,3,3
637e1f1515c2de2fd5c681dc,3,1,4,5,5
637e1f1515c2de2fd5c681dc,4,1,6,3,2
637e1f1515c2de2fd5c681dc,5,1,3,5,3
637e1f1515c2de2fd5c681dc,6,1,2,7,6
637e1f1515c2de2fd5c681dc,7,1,1,6,7
637e8173907cabe3d6030bee,1,0,1,7,4
637e8173907cabe3d6030bee,2,0,1,7,4
637e8173907cabe3d6030bee,3,0,1,7,4
637e8173907cabe3d6030bee,4,0,1,7,4
637e8173907cabe3d6030bee,5,1,1,7,4
637e8173907cabe3d6030bee,6,1,1,7,4
637e8173907cabe3d6030bee,7,0,1,7,4
63868eb7abcf3f247da6f52b,1,0,5,1,3
63868eb7abcf3f247da6f52b,2,0,6,1,3
63868eb7abcf3f247da6f52b,3,1,3,4,5
63868eb7abcf3f247da6f52b,4,1,4,6,4
63868eb7abcf3f247da6f52b,5,1,2,6,5
63868eb7abcf3f247da6f52b,6,0,1,3,2
63868eb7abcf3f247da6f52b,7,0,2,2,5
638e4ace1c4a380ecc49932f,1,0,1,7,5
638e4ace1c4a380ecc49932f,2,1,1,7,5
638e4ace1c4a380ecc49932f,3,0,1,7,5
638e4ace1c4a380ecc49932f,4,0,1,7,5
638e4ace1c4a380ecc49932f,5,0,1,7,5
638e4ace1c4a380ecc49932f,6,0,1,7,5
638e4ace1c4a380ecc49932f,7,0,1,7,5
63972b68541bab989795da48,1,0,4,5,4
63972b68541bab989795da48,2,0,4,6,5
63972b68541bab989795da48,3,0,3,5,3
63972b68541bab989795da48,4,0,3,5,5
63972b68541bab989795da48,5,1,3,5,6
63972b68541bab989795da48,6,0,3,5,3
63972b68541bab989795da48,7,1,3,5,3
63b7005d59a418f740ecfa0d,1,0,3,6,5
63b7005d59a418f740ecfa0d,2,0,2,4,5
63b7005d59a418f740ecfa0d,3,1,3,3,5
63b7005d59a418f740ecfa0d,4,0,3,4,5
63b7005d59a418f740ecfa0d,5,0,2,4,5
63b7005d59a418f740ecfa0d,6,0,3,3,5
63b7005d59a418f740ecfa0d,7,0,2,2,4
63bde9862392eebaf64770c2,1,1,2,5,5
63bde9862392eebaf64770c2,2,0,3,6,4
63bde9862392eebaf64770c2,3,0,5,4,5
63bde9862392eebaf64770c2,4,1,6,5,6
63bde9862392eebaf64770c2,5,1,5,3,4
63bde9862392eebaf64770c2,6,0,2,6,6
63bde9862392eebaf64770c2,7,0,4,5,6
63bf40687b33e43442effb9b,1,1,6,7,5
63bf40687b33e43442effb9b,2,1,7,7,6
63bf40687b33e43442effb9b,3,1,5,7,6
63bf40687b33e43442effb9b,4,0,5,7,6
63bf40687b33e43442effb9b,5,1,7,7,6
63bf40687b33e43442effb9b,6,1,6,7,5
63bf40687b33e43442effb9b,7,1,6,7,7
63d000d62878aa92b833c5fc,1,0,1,5,5
63d000d62878aa92b833c5fc,2,0,2,7,4
63d000d62878aa92b833c5fc,3,0,2,7,4
63d000d62878aa92b833c5fc,4,1,1,3,3
63d000d62878aa92b833c5fc,5,0,4,6,5
63d000d62878aa92b833c5fc,6,0,5,7,6
63d000d62878aa92b833c5fc,7,1,2,3,4
63d04eb9d1bdb95639c4826d,1,0,2,5,4
63d04eb9d1bdb95639c4826d,2,0,3,6,6
63d04eb9d1bdb95639c4826d,3,0,3,4,5
63d04eb9d1bdb95639c4826d,4,1,2,5,4
63d04eb9d1bdb95639c4826d,5,0,2,6,4
63d04eb9d1bdb95639c4826d,6,0,4,5,4
63d04eb9d1bdb95639c4826d,7,0,2,6,6
63d1618ef3c2f61f58f6eb40,1,0,1,4,2
63d1618ef3c2f61f58f6eb40,2,0,1,4,2
63d1618ef3c2f61f58f6eb40,3,0,2,5,2
63d1618ef3c2f61f58f6eb40,4,1,1,4,3
63d1618ef3c2f61f58f6eb40,5,0,1,3,2
63d1618ef3c2f61f58f6eb40,6,0,2,5,4
63d1618ef3c2f61f58f6eb40,7,1,3,6,4
63d193c45e01ccb694993e7f,1,0,4,2,2
63d193c45e01ccb694993e7f,2,0,1,2,2
63d193c45e01ccb694993e7f,3,0,2,2,2
63d193c45e01ccb694993e7f,4,0,2,2,3
63d193c45e01ccb694993e7f,5,0,2,2,2
63d193c45e01ccb694993e7f,6,0,4,2,2
63d193c45e01ccb694993e7f,7,0,2,2,3
63d41088860131e49a85cfac,1,0,1,7,7
63d41088860131e49a85cfac,2,0,1,6,6
63d41088860131e49a85cfac,3,0,4,5,6
63d41088860131e49a85cfac,4,0,6,5,6
63d41088860131e49a85cfac,5,0,2,5,6
63d41088860131e49a85cfac,6,0,1,7,6
63d41088860131e49a85cfac,7,0,2,7,6
63d80145d2f0da3ee6a8d523,1,0,2,6,6
63d80145d2f0da3ee6a8d523,2,0,3,5,5
63d80145d2f0da3ee6a8d523,3,0,3,7,5
63d80145d2f0da3ee6a8d523,4,0,3,7,6
63d80145d2f0da3ee6a8d523,5,0,2,5,5
63d80145d2f0da3ee6a8d523,6,0,3,6,4
63d80145d2f0da3ee6a8d523,7,0,2,7,5
63d81c0edc201a5e28a1f695,1,1,3,5,4
63d81c0edc201a5e28a1f695,2,0,3,6,2
63d81c0edc201a5e28a1f695,3,1,3,4,6
63d81c0edc201a5e28a1f695,4,0,3,6,4
63d81c0edc201a5e28a1f695,5,0,3,6,4
63d81c0edc201a5e28a1f695,6,0,3,6,4
63d81c0edc201a5e28a1f695,7,1,5,6,6
560f17aad4ab1e00126fb8f0,1,0,7,7,7
560f17aad4ab1e00126fb8f0,2,1,7,7,7
560f17aad4ab1e00126fb8f0,3,1,7,7,7
560f17aad4ab1e00126fb8f0,4,1,7,7,7
560f17aad4ab1e00126fb8f0,5,0,6,7,7
560f17aad4ab1e00126fb8f0,6,0,7,7,7
560f17aad4ab1e00126fb8f0,7,0,7,7,7
5640c041074be6000a5e997e,1,1,5,7,3
5640c041074be6000a5e997e,2,0,6,7,2
5640c041074be6000a5e997e,3,0,2,7,2
5640c041074be6000a5e997e,4,0,2,7,2
5640c041074be6000a5e997e,5,0,2,7,2
5640c041074be6000a5e997e,6,0,2,7,2
5640c041074be6000a5e997e,7,0,2,7,2
5aec7e89ae13140001fc0cdf,1,1,2,4,3
5aec7e89ae13140001fc0cdf,2,0,2,3,2
5aec7e89ae13140001fc0cdf,3,1,4,5,5
5aec7e89ae13140001fc0cdf,4,1,4,5,5
5aec7e89ae13140001fc0cdf,5,1,6,6,5
5aec7e89ae13140001fc0cdf,6,0,2,5,4
5aec7e89ae13140001fc0cdf,7,0,1,3,2
5e08d48b7bf5721d51467348,1,1,6,5,5
5e08d48b7bf5721d51467348,2,1,5,5,5
5e08d48b7bf5721d51467348,3,0,4,6,5
5e08d48b7bf5721d51467348,4,0,3,5,5
5e08d48b7bf5721d51467348,5,0,2,6,5
5e08d48b7bf5721d51467348,6,0,4,5,4
5e08d48b7bf5721d51467348,7,0,3,6,5
5ebc6d34046b2a0bc9f2b3b8,1,1,7,5,3
5ebc6d34046b2a0bc9f2b3b8,2,1,5,5,5
5ebc6d34046b2a0bc9f2b3b8,3,1,5,5,5
5ebc6d34046b2a0bc9f2b3b8,4,1,6,4,3
5ebc6d34046b2a0bc9f2b3b8,5,1,7,6,2
5ebc6d34046b2a0bc9f2b3b8,6,1,6,5,3
5ebc6d34046b2a0bc9f2b3b8,7,1,7,6,2
5ee4f36b9e25d52096d0edfe,1,0,1,7,2
5ee4f36b9e25d52096d0edfe,2,0,1,6,1
5ee4f36b9e25d52096d0edfe,3,1,2,7,3
5ee4f36b9e25d52096d0edfe,4,1,1,7,4
5ee4f36b9e25d52096d0edfe,5,0,1,7,3
5ee4f36b9e25d52096d0edfe,6,1,2,7,5
5ee4f36b9e25d52096d0edfe,7,1,1,7,3
5f7b85c23139fa143589b106,1,1,3,7,6
5f7b85c23139fa143589b106,2,0,3,7,6
5f7b85c23139fa143589b106,3,0,2,7,7
5f7b85c23139fa143589b106,4,0,1,7,6
5f7b85c23139fa143589b106,5,0,2,7,7
5f7b85c23139fa143589b106,6,0,2,7,6
5f7b85c23139fa143589b106,7,1,2,7,6
5fc6904e5ed32c0778ae12a1,1,1,6,6,5
5fc6904e5ed32c0778ae12a1,2,1,7,7,7
5fc6904e5ed32c0778ae12a1,3,1,7,6,7
5fc6904e5ed32c0778ae12a1,4,1,7,7,6
5fc6904e5ed32c0778ae12a1,5,1,5,4,5
5fc6904e5ed32c0778ae12a1,6,0,4,4,4
5fc6904e5ed32c0778ae12a1,7,1,4,3,4
5fc6f76b2bc0cf01708d907d,1,0,7,7,5
5fc6f76b2bc0cf01708d907d,2,0,7,7,5
5fc6f76b2bc0cf01708d907d,3,1,6,7,6
5fc6f76b2bc0cf01708d907d,4,1,6,7,6
5fc6f76b2bc0cf01708d907d,5,0,6,7,5
5fc6f76b2bc0cf01708d907d,6,0,7,7,5
5fc6f76b2bc0cf01708d907d,7,1,7,7,6
607a3a5716f47a41359384cf,1,0,3,4,2
607a3a5716f47a41359384cf,2,1,4,5,4
607a3a5716f47a41359384cf,3,1,5,6,6
607a3a5716f47a41359384cf,4,1,6,4,5
607a3a5716f47a41359384cf,5,1,6,6,6
607a3a5716f47a41359384cf,6,1,5,5,7
607a3a5716f47a41359384cf,7,1,5,4,5
607f7f18d84d010ea2cd8664,1,0,1,7,7
607f7f18d84d010ea2cd8664,2,0,1,7,7
607f7f18d84d010ea2cd8664,3,0,1,7,7
607f7f18d84d010ea2cd8664,4,0,1,7,7
607f7f18d84d010ea2cd8664,5,0,1,7,7
607f7f18d84d010ea2cd8664,6,0,7,7,7
607f7f18d84d010ea2cd8664,7,0,7,7,7
61116fb00f7f0fbacf0714f9,1,0,3,5,4
61116fb00f7f0fbacf0714f9,2,1,2,7,5
61116fb00f7f0fbacf0714f9,3,1,5,7,5
61116fb00f7f0fbacf0714f9,4,1,5,7,5
61116fb00f7f0fbacf0714f9,5,0,3,4,4
61116fb00f7f0fbacf0714f9,6,0,3,4,4
61116fb00f7f0fbacf0714f9,7,1,4,3,6
61128c2c056a6993a3868078,1,0,1,2,3
61128c2c056a6993a3868078,2,1,4,3,3
61128c2c056a6993a3868078,3,1,3,2,4
61128c2c056a6993a3868078,4,1,3,5,4
61128c2c056a6993a3868078,5,0,1,1,1
61128c2c056a6993a3868078,6,1,3,3,3
61128c2c056a6993a3868078,7,1,2,2,3
614f324e8b434b2a9c0c93c1,1,1,3,4,4
614f324e8b434b2a9c0c93c1,2,0,2,2,3
614f324e8b434b2a9c0c93c1,3,0,2,4,4
614f324e8b434b2a9c0c93c1,4,1,4,3,4
614f324e8b434b2a9c0c93c1,5,1,5,4,5
614f324e8b434b2a9c0c93c1,6,1,4,4,4
614f324e8b434b2a9c0c93c1,7,0,2,2,2
6295270587394aac7ce600db,1,0,3,4,5
6295270587394aac7ce600db,2,0,5,5,5
6295270587394aac7ce600db,3,0,4,4,4
6295270587394aac7ce600db,4,1,4,3,5
6295270587394aac7ce600db,5,0,4,5,4
6295270587394aac7ce600db,6,0,4,3,4
6295270587394aac7ce600db,7,0,4,3,4
63038702fea51556c37c36cf,1,0,3,5,4
63038702fea51556c37c36cf,2,1,3,5,4
63038702fea51556c37c36cf,3,1,6,6,6
63038702fea51556c37c36cf,4,1,6,6,6
63038702fea51556c37c36cf,5,0,3,4,5
63038702fea51556c37c36cf,6,1,5,5,5
63038702fea51556c37c36cf,7,0,4,5,5
63d17cf704d2d7053d56b962,1,1,2,2,3
63d17cf704d2d7053d56b962,2,0,1,2,1
63d17cf704d2d7053d56b962,3,1,2,2,2
63d17cf704d2d7053d56b962,4,1,4,5,4
63d17cf704d2d7053d56b962,5,1,4,4,4
63d17cf704d2d7053d56b962,6,1,3,4,6
63d17cf704d2d7053d56b962,7,1,4,6,4
63d3fa78d12b38b131ef6b76,1,1,5,7,4
63d3fa78d12b38b131ef6b76,2,1,5,7,6
63d3fa78d12b38b131ef6b76,3,1,4,7,5
63d3fa78d12b38b131ef6b76,4,1,5,7,6
63d3fa78d12b38b131ef6b76,5,1,6,7,5
63d3fa78d12b38b131ef6b76,6,1,6,7,5
63d3fa78d12b38b131ef6b76,7,1,6,7,5
63e53dc0bb780ac38cdcf77e,1,0,4,7,5
63e53dc0bb780ac38cdcf77e,2,0,3,5,3
63e53dc0bb780ac38cdcf77e,3,1,5,5,4
63e53dc0bb780ac38cdcf77e,4,1,5,4,6
63e53dc0bb780ac38cdcf77e,5,0,6,6,5
63e53dc0bb780ac38cdcf77e,6,0,3,4,3
63e53dc0bb780ac38cdcf77e,7,1,5,6,6
