Participant,Paragraph,PP_Gazes,PP_Area_of_Interest_Gazes,PP_OffscreenPix,PP_OffscreenProp,PP_2_Gazes,PP_2_Area_of_Interest_Gazes,PP_2_OffscreenPix,PP_2_OffscreenProp,PP_3_Gazes,PP_3_Area_of_Interest_Gazes,PP_3_OffscreenPix,PP_3_OffscreenProp,PP_cluster_num_clusters,PP_cluster_avg_duration,PP_cluster_sd_duration,PP_cluster_skew_duration,PP_dispersion,PP_2_cluster_num_clusters,PP_2_cluster_avg_duration,PP_2_cluster_sd_duration,PP_2_cluster_skew_duration,PP_2_dispersion,PP_3_cluster_num_clusters,PP_3_cluster_avg_duration,PP_3_cluster_sd_duration,PP_3_cluster_skew_duration,PP_3_dispersion,wordCount_with_stopwords,syllableCount_with_stopwords,ease_of_reading,wordCount_without_stopwords,syllableCount_without_stopwords,sentiment,PP_Cardinal_Numbers,PP_Noun_Singular,PP_Adjective ,PP_Verb_Past_Participle,PP_Verb_Present_Tense,PP_Noun_Plural,PP_Verb_Past_Tense,PP_Verb_Gerund_Present_Participle,PP_Determiner ,PP_Preposition ,PP_Adjective_Superlative,PP_Modal_Verb,PP_Verb_Base_Form,PP_Adverb ,PP_Verb_3rd_Person_Singular_Present,PP_Adverb_Superlative,PP_Adjective_Comparative,PP_Wh-Adverb,PP_Adverb_Comparative ,PP_2_Cardinal_Numbers,PP_2_Noun_Singular,PP_2_Adjective ,PP_2_Verb_Past_Participle,PP_2_Verb_Present_Tense,PP_2_Noun_Plural,PP_2_Verb_Past_Tense,PP_2_Verb_Gerund_Present_Participle,PP_2_Determiner ,PP_2_Preposition ,PP_2_Adjective_Superlative,PP_2_Modal_Verb,PP_2_Verb_Base_Form,PP_2_Adverb ,PP_2_Verb_3rd_Person_Singular_Present,PP_2_Adverb_Superlative,PP_2_Adjective_Comparative,PP_2_Wh-Adverb,PP_2_Adverb_Comparative ,PP_3_Cardinal_Numbers,PP_3_Noun_Singular,PP_3_Adjective ,PP_3_Verb_Past_Participle,PP_3_Verb_Present_Tense,PP_3_Noun_Plural,PP_3_Verb_Past_Tense,PP_3_Verb_Gerund_Present_Participle,PP_3_Determiner ,PP_3_Preposition ,PP_3_Adjective_Superlative,PP_3_Modal_Verb,PP_3_Verb_Base_Form,PP_3_Adverb ,PP_3_Verb_3rd_Person_Singular_Present,PP_3_Adverb_Superlative,PP_3_Adjective_Comparative,PP_3_Wh-Adverb,PP_3_Adverb_Comparative ,TUT
60ad06d89fffbb9b853454be,4,-0.112647343,0.184939977,-0.193744198,-0.099498934,-0.262485624,-0.096838886,-0.39234715,-0.204246039,-0.187300592,-0.028339678,-0.333082292,-0.261331519,-0.269163811,-0.07647259,-0.082201417,1.126912591,-0.660396726,-0.372970608,-0.076278823,-0.099787353,-0.298388555,-0.446066929,-0.374647115,-0.074207758,-0.154693166,0.196463233,0.387847405,1.177098387,1.349251762,-0.958994092,1.378870979,1.539453714,0.40824829,-0.588348405,0.836660027,1.107823419,2.218800785,2.165063509,1.361227819,-1.300887271,-0.114707867,1.58113883,1.961161351,0,0,0,1.127667777,2.319003617,0,0,-0.40824829,0,-0.544331054,0.87811408,0.243332132,0.277350098,-0.512877645,0.567281685,-0.232845158,1.716232661,-0.40824829,-0.811107106,2.449489743,1.58113883,1.154700538,0.40824829,-0.762000762,0,0,-0.632455532,0,1.58066958,-0.063290324,-0.364354127,-0.363890784,0.544480674,1.867248408,1.106196443,2.027570887,2.448883958,0.865596996,0,-0.40834928,-0.632643288,-0.935216061,-0.544480674,0,-0.40834928,-0.40834928,0,0
60ad06d89fffbb9b853454be,10,-0.88653416,-0.760664677,-0.329270344,-0.412233075,-0.330385718,-0.760581615,0.383776675,0.309610856,-0.873659256,-0.722003688,-0.488067826,-0.573214401,-0.483026199,-0.080327508,-0.111049149,0.740331438,-0.17829376,-0.232621639,-0.076512395,-0.12378387,0.318505449,-0.744811171,-0.507346907,-0.087906027,-0.163730608,-0.478111925,0.96848512,-1.70454138,-1.72174458,1.330176323,-1.715694424,-1.659128561,0.40824829,-0.588348405,-1.25499004,-1.477097892,-0.693375245,-0.866025404,-1.814970426,-0.886968594,-0.917662935,-0.632455532,-0.784464541,0,0,0,-0.931551642,-0.632455532,0,0,-0.40824829,0,0.40824829,-0.27441065,-0.040555355,2.218800785,-0.186500962,-0.515710623,0.853765578,-0.953462589,-0.40824829,0.324442842,-0.40824829,-0.632455532,1.154700538,1.360827635,-0.762000762,0,0,-0.632455532,0,-0.632643288,-1.386588107,-1.213313645,-1.21260935,-1.360393849,-1.001760115,-1.172289941,-0.811847186,-0.40834928,-1.155272031,0,-0.40834928,-0.632643288,-0.935216061,0.407956588,0,-0.40834928,-0.40834928,0,1
60ad06d89fffbb9b853454be,15,-0.64214885,-0.754583619,0.120870067,-0.015809516,-0.717210494,-0.79356262,-0.018046298,-0.118603223,-0.148654271,-0.446930029,0.446034177,0.320596299,-0.35827314,-0.082808272,-0.089415671,-2.258282431,-0.307402436,-0.302796124,-0.078399702,-0.154900641,0.117290881,-0.480376983,-0.277333935,-0.078207506,-0.189709971,0.082100902,-0.454340083,-0.849054574,-0.968481326,1.19802265,-0.978893138,-1.087953155,-2.449489743,2.157277487,-1.25499004,-0.615457455,0.277350098,-0.866025404,0.453742606,-0.473049917,-1.720618004,-0.632455532,-0.784464541,0,0,0,-0.931551642,-0.632455532,0,0,-0.40824829,0,2.313406979,0.87811408,-0.608330329,-0.693375245,-0.186500962,-0.154713187,-0.232845158,-0.953462589,-0.40824829,1.45999279,-0.40824829,-0.632455532,-0.866025404,-0.544331054,-0.762000762,0,0,-0.632455532,0,1.58066958,0.377808937,1.899537921,0.484827781,1.496917935,0.273354784,-0.716592664,-0.243963572,-0.40834928,0.865596996,0,-0.40834928,1.58066958,0.935216061,2.31283111,0,2.448883958,-0.40834928,0,1
60ad06d89fffbb9b853454be,20,-0.112647343,-0.377557968,0.643613771,0.547992879,-0.865356153,-0.810053122,-0.194187875,-0.299964481,-0.731440794,-0.727983551,-0.26606152,-0.325990165,-0.278074744,-0.080175369,-0.111906003,-0.037735541,0.051788745,-0.463194946,-0.082307999,-0.099604154,0.121488911,-0.652268476,-0.418880379,-0.0866192,-0.135264373,-1.400507604,-0.582979809,1.177098387,0.972620135,-0.773082992,0.715749821,0.587494703,0.40824829,0.784464541,1.25499004,1.107823419,-0.693375245,0.144337567,0,0.354787438,-0.114707867,-0.632455532,0.588348405,0,0,0,0.098058068,0.105409255,0,0,-0.40824829,0,-0.544331054,-0.65858556,-1.176105303,-0.693375245,-0.512877645,-1.237705496,-1.319455894,-0.953462589,2.449489743,-0.811107106,-0.40824829,-0.632455532,-0.866025404,-0.544331054,1.016001016,0,0,-0.632455532,0,-0.632643288,-0.651422672,-1.213313645,-0.363890784,0.544480674,0.273354784,-1.172289941,-1.379730801,-0.40834928,-1.155272031,0,-0.40834928,-0.632643288,0,-0.544480674,0,-0.40834928,-0.40834928,0,0
60ad06d89fffbb9b853454be,26,-0.340061452,-0.672489324,0.759779038,0.583230529,-0.501164742,-0.79356262,0.570927101,0.430518361,-0.459370693,-0.677154722,0.282671046,0.164654858,-0.206787281,-0.078563067,-0.085154148,2.170595906,-1.018472612,-0.282746271,-0.081120865,-0.147405309,0.002916834,-0.54117423,-0.383493768,-0.081488149,-0.199876545,-1.648909407,0.160152544,0.636790931,0.480101854,0.727645167,0.642069692,0.435181262,0.40824829,-0.588348405,0.836660027,1.107823419,-0.693375245,0.144337567,0,2.010462146,0.688247202,-0.632455532,-0.784464541,0,0,0,-0.588348405,-0.632455532,0,0,2.449489743,0,-0.544331054,1.26228899,-0.324442842,-0.693375245,-0.512877645,-0.876708059,1.397070946,-0.286038777,-0.40824829,1.45999279,-0.40824829,1.58113883,1.154700538,-0.544331054,1.905001905,0,0,1.58113883,0,-0.632643288,0.671875111,0.201618885,-1.21260935,-1.360393849,-1.001760115,1.106196443,-0.243963572,-0.40834928,0.865596996,0,-0.40834928,-0.632643288,1.870432121,-0.544480674,0,-0.40834928,-0.40834928,0,0
60ad06d89fffbb9b853454be,31,-0.56408132,-0.663367735,-0.193744198,-0.222830708,-0.241909838,-0.455507317,0.202130673,0.208854602,-0.375894639,-0.420020649,-0.0775656,0.042944464,-0.349362207,-0.079335099,-0.07814539,-0.586664432,-0.419888082,-0.272721344,-0.078718138,-0.227403749,1.203329261,-0.393917112,-0.383493768,-0.079794956,-0.153656558,-1.032697611,-0.308584636,-0.443823982,-0.2731614,-1.303937579,-0.389452109,-0.174072505,0.40824829,-0.588348405,0.418330013,-0.615457455,-0.693375245,-0.866025404,-0.907485213,0.354787438,0.688247202,-0.632455532,-0.784464541,0,0,0,-0.588348405,-0.632455532,0,0,-0.40824829,0,-0.544331054,-1.81111029,2.230544541,-0.693375245,2.424512501,2.01127143,-1.319455894,0.381385036,-0.40824829,-0.811107106,-0.40824829,-0.632455532,-0.866025404,1.360827635,-0.762000762,0,0,1.58113883,0,-0.632643288,1.848139807,0.484605391,1.333546346,-0.407956588,-1.001760115,1.106196443,0.323920043,-0.40834928,0.865596996,0,2.448883958,1.58066958,-0.935216061,-0.544480674,0,-0.40834928,-0.40834928,0,1
60ad06d89fffbb9b853454be,36,-0.501287872,-0.593435558,-0.116300687,-0.095094227,-0.665771029,-0.752336363,-0.08409939,-0.133716662,-0.499562867,-0.641275549,-0.069188004,-0.071159029,-0.251341945,-0.079031648,-0.09921879,2.204444453,0.049206502,-0.372970608,-0.079993583,-0.136578099,0.403833841,-0.066919156,-0.339260504,-0.080525004,-0.162025179,-1.04313796,-0.299936043,0.006432232,0.161413554,-0.219829477,0.347349178,0.359024541,0.40824829,-0.588348405,-0.836660027,-0.615457455,0.277350098,0.144337567,0.907485213,-0.05913124,1.49120227,1.58113883,0.588348405,0,0,0,1.81407425,0.105409255,0,0,-0.40824829,0,-0.544331054,-0.27441065,-0.324442842,0.277350098,-0.512877645,0.206284249,0.853765578,1.048808848,-0.40824829,-0.811107106,-0.40824829,-0.632455532,-0.866025404,-1.496910398,0.127000127,0,0,-0.632455532,0,-0.632643288,-0.798455759,0.201618885,1.333546346,0.544480674,0.592133509,-0.260895388,0.323920043,-0.40834928,-1.155272031,0,-0.40834928,-0.632643288,0,-0.544480674,0,-0.40834928,2.448883958,0,0
5f55b2de5c3cb118507479f5,4,-0.438494424,0.023791917,-0.518038903,-0.495922493,-0.63490735,-0.340073799,-0.562984303,-0.657649183,-0.49028775,-0.440950167,-0.362403879,-0.383041912,-0.162232617,-0.075184322,-0.062554916,0.069467051,-0.082427004,-0.302796124,-0.076046681,-0.123341942,-0.21401831,-0.267041016,-0.25964063,-0.07526705,-0.082342573,0.039415657,-0.514160342,1.177098387,1.349251762,-0.958994092,1.378870979,1.539453714,0.40824829,-0.588348405,0.836660027,1.107823419,2.218800785,2.165063509,1.361227819,-1.300887271,-0.114707867,1.58113883,1.961161351,0,0,0,1.127667777,2.319003617,0,0,-0.40824829,0,-0.544331054,0.87811408,0.243332132,0.277350098,-0.512877645,0.567281685,-0.232845158,1.716232661,-0.40824829,-0.811107106,2.449489743,1.58113883,1.154700538,0.40824829,-0.762000762,0,0,-0.632455532,0,1.58066958,-0.063290324,-0.364354127,-0.363890784,0.544480674,1.867248408,1.106196443,2.027570887,2.448883958,0.865596996,0,-0.40834928,-0.632643288,-0.935216061,-0.544480674,0,-0.40834928,-0.40834928,0,0
5f55b2de5c3cb118507479f5,10,-0.951024729,-0.730259383,-0.595482415,-0.680920154,-0.756304488,-0.44313944,-0.573993151,-0.622384494,-0.938585076,-0.763862724,-0.513200615,-0.603642,-0.491937132,-0.073396128,-0.082164771,-1.099744332,0.664797345,-0.31282105,-0.080698872,-0.110421168,-0.309393566,-0.380421764,-0.507346907,-0.08031375,-0.130493936,-0.789399932,0.40473309,-1.70454138,-1.72174458,1.330176323,-1.715694424,-1.659128561,0.40824829,-0.588348405,-1.25499004,-1.477097892,-0.693375245,-0.866025404,-1.814970426,-0.886968594,-0.917662935,-0.632455532,-0.784464541,0,0,0,-0.931551642,-0.632455532,0,0,-0.40824829,0,0.40824829,-0.27441065,-0.040555355,2.218800785,-0.186500962,-0.515710623,0.853765578,-0.953462589,-0.40824829,0.324442842,-0.40824829,-0.632455532,1.154700538,1.360827635,-0.762000762,0,0,-0.632455532,0,-0.632643288,-1.386588107,-1.213313645,-1.21260935,-1.360393849,-1.001760115,-1.172289941,-0.811847186,-0.40834928,-1.155272031,0,-0.40834928,-0.632643288,-0.935216061,0.407956588,0,-0.40834928,-0.40834928,0,0
5f55b2de5c3cb118507479f5,15,-0.895019762,-0.617759794,-0.580961756,-0.672110741,-0.95794719,-0.66988385,-0.573993151,-0.682838246,-0.426907783,-0.097108092,-0.345648686,-0.364024663,-0.447382468,-0.088655382,-0.067626223,-0.384068105,-0.368303395,-0.503294652,-0.097716981,-0.147126831,-0.376203804,-0.13632307,-0.153480796,-0.068806661,-0.098566295,0.400169052,-0.620593013,-0.849054574,-0.968481326,1.19802265,-0.978893138,-1.087953155,-2.449489743,2.157277487,-1.25499004,-0.615457455,0.277350098,-0.866025404,0.453742606,-0.473049917,-1.720618004,-0.632455532,-0.784464541,0,0,0,-0.931551642,-0.632455532,0,0,-0.40824829,0,2.313406979,0.87811408,-0.608330329,-0.693375245,-0.186500962,-0.154713187,-0.232845158,-0.953462589,-0.40824829,1.45999279,-0.40824829,-0.632455532,-0.866025404,-0.544331054,-0.762000762,0,0,-0.632455532,0,1.58066958,0.377808937,1.899537921,0.484827781,1.496917935,0.273354784,-0.716592664,-0.243963572,-0.40834928,0.865596996,0,-0.40834928,1.58066958,0.935216061,2.31283111,0,2.448883958,-0.40834928,0,0
5f55b2de5c3cb118507479f5,20,-0.598023724,-0.243774673,-0.518038903,-0.539969555,-1.06082612,-0.79356262,-0.607019697,-0.723140748,-0.889117785,-0.724993619,-0.504823018,-0.5884282,-0.29589661,-0.086901249,-0.069397979,0.535753912,-0.208741674,-0.473219872,-0.08766594,-0.168958193,0.068277116,0.939517299,-0.45426699,-0.097774817,-0.15058752,-0.171718966,0.62398517,1.177098387,0.972620135,-0.773082992,0.715749821,0.587494703,0.40824829,0.784464541,1.25499004,1.107823419,-0.693375245,0.144337567,0,0.354787438,-0.114707867,-0.632455532,0.588348405,0,0,0,0.098058068,0.105409255,0,0,-0.40824829,0,-0.544331054,-0.65858556,-1.176105303,-0.693375245,-0.512877645,-1.237705496,-1.319455894,-0.953462589,2.449489743,-0.811107106,-0.40824829,-0.632455532,-0.866025404,-0.544331054,1.016001016,0,0,-0.632455532,0,-0.632643288,-0.651422672,-1.213313645,-0.363890784,0.544480674,0.273354784,-1.172289941,-1.379730801,-0.40834928,-1.155272031,0,-0.40834928,-0.632643288,0,-0.544480674,0,-0.40834928,-0.40834928,0,0
5f55b2de5c3cb118507479f5,26,-0.638754609,-0.255936791,-0.551920439,-0.601635442,-0.877701625,-0.690496979,-0.529957757,-0.587119805,-0.689702767,-0.452909891,-0.446179843,-0.523769554,-0.420649669,-0.086552126,-0.06956704,-0.463859847,-0.165497818,-0.413070314,-0.09014354,-0.166543349,0.893415509,-0.484747624,-0.365800463,-0.092370702,-0.162265081,-0.298753586,-0.717087712,0.636790931,0.480101854,0.727645167,0.642069692,0.435181262,0.40824829,-0.588348405,0.836660027,1.107823419,-0.693375245,0.144337567,0,2.010462146,0.688247202,-0.632455532,-0.784464541,0,0,0,-0.588348405,-0.632455532,0,0,2.449489743,0,-0.544331054,1.26228899,-0.324442842,-0.693375245,-0.512877645,-0.876708059,1.397070946,-0.286038777,-0.40824829,1.45999279,-0.40824829,1.58113883,1.154700538,-0.544331054,1.905001905,0,0,1.58113883,0,-0.632643288,0.671875111,0.201618885,-1.21260935,-1.360393849,-1.001760115,1.106196443,-0.243963572,-0.40834928,0.865596996,0,-0.40834928,-0.632643288,1.870432121,-0.544480674,0,-0.40834928,-0.40834928,0,0
5f55b2de5c3cb118507479f5,31,-0.827134953,-0.526543911,-0.595482415,-0.689729566,-0.422976755,-0.09271626,-0.243727694,-0.350342608,-0.596951596,-0.282483819,-0.450368642,-0.459110908,-0.420649669,-0.074060314,-0.064959498,-1.116848297,0.250061156,-0.272721344,-0.08404744,-0.166998101,-0.446655411,-0.747738992,-0.365800463,-0.08843669,-0.138072151,1.346022182,-0.411078462,-0.443823982,-0.2731614,-1.303937579,-0.389452109,-0.174072505,0.40824829,-0.588348405,0.418330013,-0.615457455,-0.693375245,-0.866025404,-0.907485213,0.354787438,0.688247202,-0.632455532,-0.784464541,0,0,0,-0.588348405,-0.632455532,0,0,-0.40824829,0,-0.544331054,-1.81111029,2.230544541,-0.693375245,2.424512501,2.01127143,-1.319455894,0.381385036,-0.40824829,-0.811107106,-0.40824829,-0.632455532,-0.866025404,1.360827635,-0.762000762,0,0,1.58113883,0,-0.632643288,1.848139807,0.484605391,1.333546346,-0.407956588,-1.001760115,1.106196443,0.323920043,-0.40834928,0.865596996,0,2.448883958,1.58066958,-0.935216061,-0.544480674,0,-0.40834928,-0.40834928,0,0
5f55b2de5c3cb118507479f5,36,-0.760947265,-0.444449616,-0.595482415,-0.676515447,-0.900334989,-0.488488322,-0.607019697,-0.713065123,-0.64796474,-0.428990442,-0.462935036,-0.535179903,-0.322629408,-0.067549926,-0.050452413,-0.043110386,-0.347195442,-0.45317002,-0.08278731,-0.062677406,-0.383571026,-0.092280089,-0.25964063,-0.069889675,-0.076836485,-0.140853771,-0.859128596,0.006432232,0.161413554,-0.219829477,0.347349178,0.359024541,0.40824829,-0.588348405,-0.836660027,-0.615457455,0.277350098,0.144337567,0.907485213,-0.05913124,1.49120227,1.58113883,0.588348405,0,0,0,1.81407425,0.105409255,0,0,-0.40824829,0,-0.544331054,-0.27441065,-0.324442842,0.277350098,-0.512877645,0.206284249,0.853765578,1.048808848,-0.40824829,-0.811107106,-0.40824829,-0.632455532,-0.866025404,-1.496910398,0.127000127,0,0,-0.632455532,0,-0.632643288,-0.798455759,0.201618885,1.333546346,0.544480674,0.592133509,-0.260895388,0.323920043,-0.40834928,-1.155272031,0,-0.40834928,-0.632643288,0,-0.544480674,0,-0.40834928,2.448883958,0,0
60c381c26357c51532f1b378,4,-0.056642376,-0.760664677,2.052117637,1.790120031,-0.365364554,-0.843034127,1.424112865,1.19122808,-0.111553803,-0.769842586,1.702673642,1.56432438,-0.090945154,-0.053487569,-0.040461139,0.139614617,-0.429400407,-0.222596712,-0.055952656,-0.053781347,0.27870175,-0.57342364,-0.109247533,-0.048940918,-0.045603375,0.205464816,-0.414627275,1.177098387,1.349251762,-0.958994092,1.378870979,1.539453714,0.40824829,-0.588348405,0.836660027,1.107823419,2.218800785,2.165063509,1.361227819,-1.300887271,-0.114707867,1.58113883,1.961161351,0,0,0,1.127667777,2.319003617,0,0,-0.40824829,0,-0.544331054,0.87811408,0.243332132,0.277350098,-0.512877645,0.567281685,-0.232845158,1.716232661,-0.40824829,-0.811107106,2.449489743,1.58113883,1.154700538,0.40824829,-0.762000762,0,0,-0.632455532,0,1.58066958,-0.063290324,-0.364354127,-0.363890784,0.544480674,1.867248408,1.106196443,2.027570887,2.448883958,0.865596996,0,-0.40834928,-0.632643288,-0.935216061,-0.544480674,0,-0.40834928,-0.40834928,0,0
60c381c26357c51532f1b378,10,-0.918779445,-0.760664677,-0.116300687,-0.262473064,-0.15137638,-0.843034127,1.925015475,1.649669036,-0.876750962,-0.769842586,-0.173907959,-0.295562567,-0.474115266,-0.066988433,-0.023627755,0.727544069,0.026908856,-0.232621639,-0.052066481,0.022885263,0.257566285,0.028733126,-0.471960296,-0.064105454,-0.070718902,-0.076381241,0.018676452,-1.70454138,-1.72174458,1.330176323,-1.715694424,-1.659128561,0.40824829,-0.588348405,-1.25499004,-1.477097892,-0.693375245,-0.866025404,-1.814970426,-0.886968594,-0.917662935,-0.632455532,-0.784464541,0,0,0,-0.931551642,-0.632455532,0,0,-0.40824829,0,0.40824829,-0.27441065,-0.040555355,2.218800785,-0.186500962,-0.515710623,0.853765578,-0.953462589,-0.40824829,0.324442842,-0.40824829,-0.632455532,1.154700538,1.360827635,-0.762000762,0,0,-0.632455532,0,-0.632643288,-1.386588107,-1.213313645,-1.21260935,-1.360393849,-1.001760115,-1.172289941,-0.811847186,-0.40834928,-1.155272031,0,-0.40834928,-0.632643288,-0.935216061,0.407956588,0,-0.40834928,-0.40834928,0,0
60c381c26357c51532f1b378,15,-0.771129986,-0.760664677,0.275757091,0.111926964,-0.538201156,-0.843034127,1.055316438,0.848656816,-0.007981662,-0.769842586,2.096420675,1.803941717,-0.393916871,-0.06021258,-0.025671,0.070528928,-0.205736226,-0.342895829,-0.046026845,0.018475076,0.394374295,-0.87467229,-0.10040088,-0.055103555,-0.074370649,0.158686206,-0.575676626,-0.849054574,-0.968481326,1.19802265,-0.978893138,-1.087953155,-2.449489743,2.157277487,-1.25499004,-0.615457455,0.277350098,-0.866025404,0.453742606,-0.473049917,-1.720618004,-0.632455532,-0.784464541,0,0,0,-0.931551642,-0.632455532,0,0,-0.40824829,0,2.313406979,0.87811408,-0.608330329,-0.693375245,-0.186500962,-0.154713187,-0.232845158,-0.953462589,-0.40824829,1.45999279,-0.40824829,-0.632455532,-0.866025404,-0.544331054,-0.762000762,0,0,-0.632455532,0,1.58066958,0.377808937,1.899537921,0.484827781,1.496917935,0.273354784,-0.716592664,-0.243963572,-0.40834928,0.865596996,0,-0.40834928,1.58066958,0.935216061,2.31283111,0,2.448883958,-0.40834928,0,1
60c381c26357c51532f1b378,20,-0.312907528,-0.760664677,1.398688008,1.15143763,-0.962062347,-0.843034127,0.020484672,-0.118603223,-0.776270527,-0.769842586,0.056475943,-0.078765929,-0.224609147,-0.046761973,-0.013803941,0.128003167,-0.01898951,-0.433120167,-0.06646687,-0.102810545,-0.221707481,-0.033120952,-0.471960296,-0.071383173,0.026380031,0.183629065,0.969410278,1.177098387,0.972620135,-0.773082992,0.715749821,0.587494703,0.40824829,0.784464541,1.25499004,1.107823419,-0.693375245,0.144337567,0,0.354787438,-0.114707867,-0.632455532,0.588348405,0,0,0,0.098058068,0.105409255,0,0,-0.40824829,0,-0.544331054,-0.65858556,-1.176105303,-0.693375245,-0.512877645,-1.237705496,-1.319455894,-0.953462589,2.449489743,-0.811107106,-0.40824829,-0.632455532,-0.866025404,-0.544331054,1.016001016,0,0,-0.632455532,0,-0.632643288,-0.651422672,-1.213313645,-0.363890784,0.544480674,0.273354784,-1.172289941,-1.379730801,-0.40834928,-1.155272031,0,-0.40834928,-0.632643288,0,-0.544480674,0,-0.40834928,-0.40834928,0,1
60c381c26357c51532f1b378,26,-0.457162747,-0.760664677,1.190558571,0.944416438,-0.519682949,-0.843034127,1.170909348,0.914148381,-0.236767883,-0.769842586,1.484856135,1.218210449,-0.304807543,-0.052449975,-0.032246656,0.146670755,-0.270758791,-0.352920756,-0.045715289,0.019051297,-0.021453978,-0.136414031,-0.312720546,-0.047062151,-0.011332246,0.190828833,-1.150742073,0.636790931,0.480101854,0.727645167,0.642069692,0.435181262,0.40824829,-0.588348405,0.836660027,1.107823419,-0.693375245,0.144337567,0,2.010462146,0.688247202,-0.632455532,-0.784464541,0,0,0,-0.588348405,-0.632455532,0,0,2.449489743,0,-0.544331054,1.26228899,-0.324442842,-0.693375245,-0.512877645,-0.876708059,1.397070946,-0.286038777,-0.40824829,1.45999279,-0.40824829,1.58113883,1.154700538,-0.544331054,1.905001905,0,0,1.58113883,0,-0.632643288,0.671875111,0.201618885,-1.21260935,-1.360393849,-1.001760115,1.106196443,-0.243963572,-0.40834928,0.865596996,0,-0.40834928,-0.632643288,1.870432121,-0.544480674,0,-0.40834928,-0.40834928,0,1
60c381c26357c51532f1b378,31,-0.599720844,-0.760664677,0.725897502,0.547992879,-0.132858173,-0.843034127,2.024095112,1.770576541,-0.30014785,-0.769842586,1.212584251,0.986200012,-0.438471535,-0.061226475,-0.041653843,0.692982252,-0.148577288,-0.222596712,-0.054321237,-0.061874053,0.286672982,-0.371708611,-0.268487282,-0.051099569,-0.052767367,-0.059509907,-0.139280051,-0.443823982,-0.2731614,-1.303937579,-0.389452109,-0.174072505,0.40824829,-0.588348405,0.418330013,-0.615457455,-0.693375245,-0.866025404,-0.907485213,0.354787438,0.688247202,-0.632455532,-0.784464541,0,0,0,-0.588348405,-0.632455532,0,0,-0.40824829,0,-0.544331054,-1.81111029,2.230544541,-0.693375245,2.424512501,2.01127143,-1.319455894,0.381385036,-0.40824829,-0.811107106,-0.40824829,-0.632455532,-0.866025404,1.360827635,-0.762000762,0,0,1.58113883,0,-0.632643288,1.848139807,0.484605391,1.333546346,-0.407956588,-1.001760115,1.106196443,0.323920043,-0.40834928,0.865596996,0,2.448883958,1.58066958,-0.935216061,-0.544480674,0,-0.40834928,-0.40834928,0,1
60c381c26357c51532f1b378,36,-0.399460659,-0.760664677,1.229280327,0.997272913,-0.562892099,-0.843034127,1.066325286,0.828505565,-0.528934071,-0.769842586,0.76857164,0.567820535,-0.29589661,-0.058119842,-0.047661069,0.154943315,-0.859557115,-0.31282105,-0.059131254,-0.063797845,-0.060649945,-0.464819619,-0.330413852,-0.0587208,-0.070049388,0.100617441,-0.459028924,0.006432232,0.161413554,-0.219829477,0.347349178,0.359024541,0.40824829,-0.588348405,-0.836660027,-0.615457455,0.277350098,0.144337567,0.907485213,-0.05913124,1.49120227,1.58113883,0.588348405,0,0,0,1.81407425,0.105409255,0,0,-0.40824829,0,-0.544331054,-0.27441065,-0.324442842,0.277350098,-0.512877645,0.206284249,0.853765578,1.048808848,-0.40824829,-0.811107106,-0.40824829,-0.632455532,-0.866025404,-1.496910398,0.127000127,0,0,-0.632455532,0,-0.632643288,-0.798455759,0.201618885,1.333546346,0.544480674,0.592133509,-0.260895388,0.323920043,-0.40834928,-1.155272031,0,-0.40834928,-0.632643288,0,-0.544480674,0,-0.40834928,2.448883958,0,1
60cc67809f92d570ba4dc2c5,4,-0.061733737,0.127169918,-0.324430124,-0.293306007,-0.381825183,-0.191659276,-0.474913514,-0.541779491,-0.261501529,-0.124017472,-0.232551134,-0.265134968,-0.491937132,-0.011027898,0.021744694,-1.311299501,0.761683012,-0.473219872,0.004113564,-0.013149858,-1.010852853,1.419553514,-0.445420338,-0.006141065,0.086421229,-1.244449264,0.496372788,1.177098387,1.349251762,-0.958994092,1.378870979,1.539453714,0.40824829,-0.588348405,0.836660027,1.107823419,2.218800785,2.165063509,1.361227819,-1.300887271,-0.114707867,1.58113883,1.961161351,0,0,0,1.127667777,2.319003617,0,0,-0.40824829,0,-0.544331054,0.87811408,0.243332132,0.277350098,-0.512877645,0.567281685,-0.232845158,1.716232661,-0.40824829,-0.811107106,2.449489743,1.58113883,1.154700538,0.40824829,-0.762000762,0,0,-0.632455532,0,1.58066958,-0.063290324,-0.364354127,-0.363890784,0.544480674,1.867248408,1.106196443,2.027570887,2.448883958,0.865596996,0,-0.40834928,-0.632643288,-0.935216061,-0.544480674,0,-0.40834928,-0.40834928,0,0
60cc67809f92d570ba4dc2c5,10,-0.88313992,-0.699854089,-0.518038903,-0.584016617,-0.326270561,-0.274111789,-0.309780785,-0.370493859,-0.921580694,-0.751902999,-0.492256624,-0.569410952,-0.527580864,-0.050984097,0.133295932,,2.477968885,-0.503294652,-0.013914553,0.017535446,-0.407931072,0.251907947,-0.51619356,-0.057807153,0.138964243,0.003298839,0.135358693,-1.70454138,-1.72174458,1.330176323,-1.715694424,-1.659128561,0.40824829,-0.588348405,-1.25499004,-1.477097892,-0.693375245,-0.866025404,-1.814970426,-0.886968594,-0.917662935,-0.632455532,-0.784464541,0,0,0,-0.931551642,-0.632455532,0,0,-0.40824829,0,0.40824829,-0.27441065,-0.040555355,2.218800785,-0.186500962,-0.515710623,0.853765578,-0.953462589,-0.40824829,0.324442842,-0.40824829,-0.632455532,1.154700538,1.360827635,-0.762000762,0,0,-0.632455532,0,-0.632643288,-1.386588107,-1.213313645,-1.21260935,-1.360393849,-1.001760115,-1.172289941,-0.811847186,-0.40834928,-1.155272031,0,-0.40834928,-0.632643288,-0.935216061,0.407956588,0,-0.40834928,-0.40834928,0,0
60cc67809f92d570ba4dc2c5,15,-0.745673183,-0.593435558,-0.430914953,-0.52235073,-0.731613544,-0.620412343,-0.342807331,-0.430947611,0.067765128,0.094247497,-0.14877517,-0.112996977,-0.500848065,-0.029191974,0.038250843,-0.691605579,0.801818102,-0.543394357,-0.055637623,0.201251011,0.210152422,1.613480094,-0.489653601,-0.02246538,-0.014182122,-0.135496262,-0.249760202,-0.849054574,-0.968481326,1.19802265,-0.978893138,-1.087953155,-2.449489743,2.157277487,-1.25499004,-0.615457455,0.277350098,-0.866025404,0.453742606,-0.473049917,-1.720618004,-0.632455532,-0.784464541,0,0,0,-0.931551642,-0.632455532,0,0,-0.40824829,0,2.313406979,0.87811408,-0.608330329,-0.693375245,-0.186500962,-0.154713187,-0.232845158,-0.953462589,-0.40824829,1.45999279,-0.40824829,-0.632455532,-0.866025404,-0.544331054,-0.762000762,0,0,-0.632455532,0,1.58066958,0.377808937,1.899537921,0.484827781,1.496917935,0.273354784,-0.716592664,-0.243963572,-0.40834928,0.865596996,0,-0.40834928,1.58066958,0.935216061,2.31283111,0,2.448883958,-0.40834928,0,0
60cc67809f92d570ba4dc2c5,20,-0.350244173,-0.15255879,-0.411554075,-0.390209544,-0.939428983,-0.768826866,-0.518948908,-0.57704418,-0.737624206,-0.704064102,-0.395914265,-0.455307458,-0.491937132,-0.009458261,0.021967802,-1.321502266,0.657114338,-0.523344504,-0.026864644,0.028760747,0.1211464,0.390855933,-0.525040212,-0.057270975,0.215357201,-0.062299401,0.977077491,1.177098387,0.972620135,-0.773082992,0.715749821,0.587494703,0.40824829,0.784464541,1.25499004,1.107823419,-0.693375245,0.144337567,0,0.354787438,-0.114707867,-0.632455532,0.588348405,0,0,0,0.098058068,0.105409255,0,0,-0.40824829,0,-0.544331054,-0.65858556,-1.176105303,-0.693375245,-0.512877645,-1.237705496,-1.319455894,-0.953462589,2.449489743,-0.811107106,-0.40824829,-0.632455532,-0.866025404,-0.544331054,1.016001016,0,0,-0.632455532,0,-0.632643288,-0.651422672,-1.213313645,-0.363890784,0.544480674,0.273354784,-1.172289941,-1.379730801,-0.40834928,-1.155272031,0,-0.40834928,-0.632643288,0,-0.544480674,0,-0.40834928,-0.40834928,0,0
60cc67809f92d570ba4dc2c5,26,-0.428311703,-0.289382615,-0.203424637,-0.209616589,-0.562892099,-0.397790558,-0.265745391,-0.330191357,-0.33261076,-0.303413337,-0.354026283,-0.398255711,-0.500848065,-0.026688503,0.021059701,-0.630216633,0.433507364,-0.493269725,-0.011106449,0.089413491,-1.051283819,0.507265494,-0.471960296,-0.007971218,0.009727363,-0.602639014,-0.46000949,0.636790931,0.480101854,0.727645167,0.642069692,0.435181262,0.40824829,-0.588348405,0.836660027,1.107823419,-0.693375245,0.144337567,0,2.010462146,0.688247202,-0.632455532,-0.784464541,0,0,0,-0.588348405,-0.632455532,0,0,2.449489743,0,-0.544331054,1.26228899,-0.324442842,-0.693375245,-0.512877645,-0.876708059,1.397070946,-0.286038777,-0.40824829,1.45999279,-0.40824829,1.58113883,1.154700538,-0.544331054,1.905001905,0,0,1.58113883,0,-0.632643288,0.671875111,0.201618885,-1.21260935,-1.360393849,-1.001760115,1.106196443,-0.243963572,-0.40834928,0.865596996,0,-0.40834928,-0.632643288,1.870432121,-0.544480674,0,-0.40834928,-0.40834928,0,0
60cc67809f92d570ba4dc2c5,31,-0.521653315,-0.487017028,-0.140501784,-0.205211883,-0.367422133,-0.249376035,-0.177674603,-0.199208227,-0.173387916,-0.225675129,-0.136208775,-0.139621125,-0.483026199,-0.007505439,-0.008649317,-0.696528832,0.294744533,-0.513319578,-0.012342515,0.135523779,-0.932863126,0.952297523,-0.507346907,-0.021377092,0.157454505,-0.650013068,0.869757752,-0.443823982,-0.2731614,-1.303937579,-0.389452109,-0.174072505,0.40824829,-0.588348405,0.418330013,-0.615457455,-0.693375245,-0.866025404,-0.907485213,0.354787438,0.688247202,-0.632455532,-0.784464541,0,0,0,-0.588348405,-0.632455532,0,0,-0.40824829,0,-0.544331054,-1.81111029,2.230544541,-0.693375245,2.424512501,2.01127143,-1.319455894,0.381385036,-0.40824829,-0.811107106,-0.40824829,-0.632455532,-0.866025404,1.360827635,-0.762000762,0,0,1.58113883,0,-0.632643288,1.848139807,0.484605391,1.333546346,-0.407956588,-1.001760115,1.106196443,0.323920043,-0.40834928,0.865596996,0,2.448883958,1.58066958,-0.935216061,-0.544480674,0,-0.40834928,-0.40834928,0,1
60cc67809f92d570ba4dc2c5,36,-0.591235243,-0.438368557,-0.372832319,-0.363781306,-0.791283324,-0.587431338,-0.529957757,-0.551855116,-0.637143771,-0.527658168,-0.404291861,-0.451504008,-0.536491796,-0.114047736,,,-2.144825382,-0.543394357,-0.056950259,0.288437306,0.124583873,1.317858804,-0.498500254,-0.013218611,0.164128668,-0.475284538,0.149175796,0.006432232,0.161413554,-0.219829477,0.347349178,0.359024541,0.40824829,-0.588348405,-0.836660027,-0.615457455,0.277350098,0.144337567,0.907485213,-0.05913124,1.49120227,1.58113883,0.588348405,0,0,0,1.81407425,0.105409255,0,0,-0.40824829,0,-0.544331054,-0.27441065,-0.324442842,0.277350098,-0.512877645,0.206284249,0.853765578,1.048808848,-0.40824829,-0.811107106,-0.40824829,-0.632455532,-0.866025404,-1.496910398,0.127000127,0,0,-0.632455532,0,-0.632643288,-0.798455759,0.201618885,1.333546346,0.544480674,0.592133509,-0.260895388,0.323920043,-0.40834928,-1.155272031,0,-0.40834928,-0.632643288,0,-0.544480674,0,-0.40834928,2.448883958,0,1
60e1d5f866e681d7e33fd01c,4,0.303147109,0.236628978,0.37256148,0.429065812,1.066710149,1.539843494,0.158095279,0.546388054,-0.086820157,0.040428737,-0.098509591,0.042944464,-0.393916871,-0.055514188,-0.041906948,-0.22340958,-0.509360092,-0.463194946,-0.055924016,-0.022716832,-0.1990937,1.28325331,-0.427727032,-0.05489341,-0.070575896,-0.715335381,-0.139513387,1.177098387,1.349251762,-0.958994092,1.378870979,1.539453714,0.40824829,-0.588348405,0.836660027,1.107823419,2.218800785,2.165063509,1.361227819,-1.300887271,-0.114707867,1.58113883,1.961161351,0,0,0,1.127667777,2.319003617,0,0,-0.40824829,0,-0.544331054,0.87811408,0.243332132,0.277350098,-0.512877645,0.567281685,-0.232845158,1.716232661,-0.40824829,-0.811107106,2.449489743,1.58113883,1.154700538,0.40824829,-0.762000762,0,0,-0.632455532,0,1.58066958,-0.063290324,-0.364354127,-0.363890784,0.544480674,1.867248408,1.106196443,2.027570887,2.448883958,0.865596996,0,-0.40834928,-0.632643288,-0.935216061,-0.544480674,0,-0.40834928,-0.40834928,0,1
60e1d5f866e681d7e33fd01c,10,-0.696456697,-0.602557147,-0.435755172,-0.443066018,2.072866083,0.694705238,2.981864938,3.095521282,-0.842742199,-0.674164791,-0.433613449,-0.531376454,-0.474115266,-0.063322635,-0.106971035,-1.217529608,0.780990976,-0.212571786,-0.051112675,-0.049466813,-0.0382572,-0.904913545,-0.51619356,-0.078750256,-0.032433528,-1.177911963,0.743664583,-1.70454138,-1.72174458,1.330176323,-1.715694424,-1.659128561,0.40824829,-0.588348405,-1.25499004,-1.477097892,-0.693375245,-0.866025404,-1.814970426,-0.886968594,-0.917662935,-0.632455532,-0.784464541,0,0,0,-0.931551642,-0.632455532,0,0,-0.40824829,0,0.40824829,-0.27441065,-0.040555355,2.218800785,-0.186500962,-0.515710623,0.853765578,-0.953462589,-0.40824829,0.324442842,-0.40824829,-0.632455532,1.154700538,1.360827635,-0.762000762,0,0,-0.632455532,0,-0.632643288,-1.386588107,-1.213313645,-1.21260935,-1.360393849,-1.001760115,-1.172289941,-0.811847186,-0.40834928,-1.155272031,0,-0.40834928,-0.632643288,-0.935216061,0.407956588,0,-0.40834928,-0.40834928,0,1
60e1d5f866e681d7e33fd01c,15,-0.548807238,-0.620800323,0.328999505,0.200021089,-0.044382293,-0.335951173,0.273688189,0.329762107,1.120490917,0.363341294,0.6261525,0.879703418,-0.438471535,-0.051788784,-0.023483945,-0.177069463,-0.068030697,-0.433120167,-0.053490526,-0.166365856,1.235411005,-0.66866252,-0.233100671,-0.055905509,-0.090505615,-0.389950681,-0.443498937,-0.849054574,-0.968481326,1.19802265,-0.978893138,-1.087953155,-2.449489743,2.157277487,-1.25499004,-0.615457455,0.277350098,-0.866025404,0.453742606,-0.473049917,-1.720618004,-0.632455532,-0.784464541,0,0,0,-0.931551642,-0.632455532,0,0,-0.40824829,0,2.313406979,0.87811408,-0.608330329,-0.693375245,-0.186500962,-0.154713187,-0.232845158,-0.953462589,-0.40824829,1.45999279,-0.40824829,-0.632455532,-0.866025404,-0.544331054,-0.762000762,0,0,-0.632455532,0,1.58066958,0.377808937,1.899537921,0.484827781,1.496917935,0.273354784,-0.716592664,-0.243963572,-0.40834928,0.865596996,0,-0.40834928,1.58066958,0.935216061,2.31283111,0,2.448883958,-0.40834928,0,1
60e1d5f866e681d7e33fd01c,20,0.513590015,-0.629921912,2.492577609,2.252614183,-0.922968354,-0.843034127,-0.117125935,-0.254624167,-0.793274908,-0.769842586,-0.098509591,-0.227100471,-0.242431013,-0.05494968,-0.066120464,-0.317908718,-0.284226257,-0.533369431,-0.076771062,-0.013666548,-1.049290366,1.241089593,-0.507346907,-0.059930417,-0.176394024,-0.464884415,-0.137863907,1.177098387,0.972620135,-0.773082992,0.715749821,0.587494703,0.40824829,0.784464541,1.25499004,1.107823419,-0.693375245,0.144337567,0,0.354787438,-0.114707867,-0.632455532,0.588348405,0,0,0,0.098058068,0.105409255,0,0,-0.40824829,0,-0.544331054,-0.65858556,-1.176105303,-0.693375245,-0.512877645,-1.237705496,-1.319455894,-0.953462589,2.449489743,-0.811107106,-0.40824829,-0.632455532,-0.866025404,-0.544331054,1.016001016,0,0,-0.632455532,0,-0.632643288,-0.651422672,-1.213313645,-0.363890784,0.544480674,0.273354784,-1.172289941,-1.379730801,-0.40834928,-1.155272031,0,-0.40834928,-0.632643288,0,-0.544480674,0,-0.40834928,-0.40834928,0,1
60e1d5f866e681d7e33fd01c,26,0.625599949,0.200142625,0.938867158,1.111795275,-0.036151979,-0.245253409,0.389281099,0.606841806,-0.484104339,-0.297433475,-0.253495125,-0.249921169,-0.278074744,-0.04907669,-0.070125778,1.047674573,0.346037283,-0.372970608,-0.057862541,-0.101179624,-1.66196115,0.062324187,-0.45426699,-0.050372805,-0.031994197,-0.396325549,0.171258394,0.636790931,0.480101854,0.727645167,0.642069692,0.435181262,0.40824829,-0.588348405,0.836660027,1.107823419,-0.693375245,0.144337567,0,2.010462146,0.688247202,-0.632455532,-0.784464541,0,0,0,-0.588348405,-0.632455532,0,0,2.449489743,0,-0.544331054,1.26228899,-0.324442842,-0.693375245,-0.512877645,-0.876708059,1.397070946,-0.286038777,-0.40824829,1.45999279,-0.40824829,1.58113883,1.154700538,-0.544331054,1.905001905,0,0,1.58113883,0,-0.632643288,0.671875111,0.201618885,-1.21260935,-1.360393849,-1.001760115,1.106196443,-0.243963572,-0.40834928,0.865596996,0,-0.40834928,-0.632643288,1.870432121,-0.544480674,0,-0.40834928,-0.40834928,0,1
60e1d5f866e681d7e33fd01c,31,-0.441888665,-0.37147691,-0.406713855,-0.465089549,0.836261346,1.041005792,0.647989041,0.899034943,-0.276960057,0.142086394,-0.324704695,-0.364024663,-0.411738737,-0.040048298,-0.04946202,0.605331845,-0.659338585,-0.132372375,-0.042057808,-0.096630873,0.407264551,-0.203852205,-0.35695381,-0.044786807,-0.088954496,-0.436966348,0.103915286,-0.443823982,-0.2731614,-1.303937579,-0.389452109,-0.174072505,0.40824829,-0.588348405,0.418330013,-0.615457455,-0.693375245,-0.866025404,-0.907485213,0.354787438,0.688247202,-0.632455532,-0.784464541,0,0,0,-0.588348405,-0.632455532,0,0,-0.40824829,0,-0.544331054,-1.81111029,2.230544541,-0.693375245,2.424512501,2.01127143,-1.319455894,0.381385036,-0.40824829,-0.811107106,-0.40824829,-0.632455532,-0.866025404,1.360827635,-0.762000762,0,0,1.58113883,0,-0.632643288,1.848139807,0.484605391,1.333546346,-0.407956588,-1.001760115,1.106196443,0.323920043,-0.40834928,0.865596996,0,2.448883958,1.58066958,-0.935216061,-0.544480674,0,-0.40834928,-0.40834928,0,1
60e1d5f866e681d7e33fd01c,36,-0.511470593,-0.505260205,-0.150182223,-0.130331877,-0.567007257,-0.546205081,-0.205196724,-0.189132601,-0.462462399,-0.539617892,-0.0775656,-0.147228025,-0.340451274,-0.042867252,-0.038313781,-0.164753571,0.617430488,-0.493269725,-0.050633199,-0.192646897,-0.615944712,0.980358265,-0.410033727,-0.053319345,-0.114672016,-2.032388677,-0.219431232,0.006432232,0.161413554,-0.219829477,0.347349178,0.359024541,0.40824829,-0.588348405,-0.836660027,-0.615457455,0.277350098,0.144337567,0.907485213,-0.05913124,1.49120227,1.58113883,0.588348405,0,0,0,1.81407425,0.105409255,0,0,-0.40824829,0,-0.544331054,-0.27441065,-0.324442842,0.277350098,-0.512877645,0.206284249,0.853765578,1.048808848,-0.40824829,-0.811107106,-0.40824829,-0.632455532,-0.866025404,-1.496910398,0.127000127,0,0,-0.632455532,0,-0.632643288,-0.798455759,0.201618885,1.333546346,0.544480674,0.592133509,-0.260895388,0.323920043,-0.40834928,-1.155272031,0,-0.40834928,-0.632643288,0,-0.544480674,0,-0.40834928,2.448883958,0,1
60fc2ec58ad0da367daee3c1,4,1.017634719,0.790005335,1.359966253,1.332030585,0.237505975,0.863732889,-0.243727694,-0.1488301,0.621180447,1.296199791,-0.240928731,-0.090176278,-0.385005938,0.943046409,3.835899968,0.462501365,0.27310909,-0.493269725,-0.068091256,-0.101960559,1.150517047,0.425003976,-0.471960296,-0.069138376,-0.034160531,-0.085145623,0.20193906,1.177098387,1.349251762,-0.958994092,1.378870979,1.539453714,0.40824829,-0.588348405,0.836660027,1.107823419,2.218800785,2.165063509,1.361227819,-1.300887271,-0.114707867,1.58113883,1.961161351,0,0,0,1.127667777,2.319003617,0,0,-0.40824829,0,-0.544331054,0.87811408,0.243332132,0.277350098,-0.512877645,0.567281685,-0.232845158,1.716232661,-0.40824829,-0.811107106,2.449489743,1.58113883,1.154700538,0.40824829,-0.762000762,0,0,-0.632455532,0,1.58066958,-0.063290324,-0.364354127,-0.363890784,0.544480674,1.867248408,1.106196443,2.027570887,2.448883958,0.865596996,0,-0.40834928,-0.632643288,-0.935216061,-0.544480674,0,-0.40834928,-0.40834928,0,1
60fc2ec58ad0da367daee3c1,10,-0.928962166,-0.645124559,-0.595482415,-0.645682504,-0.548489049,-0.109206763,-0.419869271,-0.471250113,-0.929309959,-0.716023826,-0.513200615,-0.603642,-0.527580864,-0.059507821,-0.018782637,,2.477968885,-0.553419284,-0.10958696,-0.058839675,,2.678214687,-0.533886865,-0.077238234,0.215688373,,2.595704978,-1.70454138,-1.72174458,1.330176323,-1.715694424,-1.659128561,0.40824829,-0.588348405,-1.25499004,-1.477097892,-0.693375245,-0.866025404,-1.814970426,-0.886968594,-0.917662935,-0.632455532,-0.784464541,0,0,0,-0.931551642,-0.632455532,0,0,-0.40824829,0,0.40824829,-0.27441065,-0.040555355,2.218800785,-0.186500962,-0.515710623,0.853765578,-0.953462589,-0.40824829,0.324442842,-0.40824829,-0.632455532,1.154700538,1.360827635,-0.762000762,0,0,-0.632455532,0,-0.632643288,-1.386588107,-1.213313645,-1.21260935,-1.360393849,-1.001760115,-1.172289941,-0.811847186,-0.40834928,-1.155272031,0,-0.40834928,-0.632643288,-0.935216061,0.407956588,0,-0.40834928,-0.40834928,0,0
60fc2ec58ad0da367daee3c1,15,-0.684576855,-0.243774673,-0.595482415,-0.672110741,-0.746016595,-0.146310394,-0.562984303,-0.602233243,0.11259486,0.871629578,-0.320515897,-0.329793615,-0.518669931,-0.07419088,0.034361663,-0.0317423,0.948774849,-0.543394357,-0.08014016,0.099721542,0.004624629,1.028898764,-0.471960296,-0.065020531,-0.077511699,0.6514807,0.738126766,-0.849054574,-0.968481326,1.19802265,-0.978893138,-1.087953155,-2.449489743,2.157277487,-1.25499004,-0.615457455,0.277350098,-0.866025404,0.453742606,-0.473049917,-1.720618004,-0.632455532,-0.784464541,0,0,0,-0.931551642,-0.632455532,0,0,-0.40824829,0,2.313406979,0.87811408,-0.608330329,-0.693375245,-0.186500962,-0.154713187,-0.232845158,-0.953462589,-0.40824829,1.45999279,-0.40824829,-0.632455532,-0.866025404,-0.544331054,-0.762000762,0,0,-0.632455532,0,1.58066958,0.377808937,1.899537921,0.484827781,1.496917935,0.273354784,-0.716592664,-0.243963572,-0.40834928,0.865596996,0,-0.40834928,1.58066958,0.935216061,2.31283111,0,2.448883958,-0.40834928,0,0
60fc2ec58ad0da367daee3c1,20,0.019728033,0.0116298,0.125710287,0.292519919,-0.964119926,-0.641025471,-0.585002,-0.642535745,-0.825737818,-0.575497065,-0.504823018,-0.565607502,-0.500848065,-0.064669741,0.002423728,-0.410551502,-0.176992902,-0.543394357,-0.085959513,-0.236620655,0.722511912,0.928766263,-0.533886865,-0.130191149,-0.244587836,,2.595704978,1.177098387,0.972620135,-0.773082992,0.715749821,0.587494703,0.40824829,0.784464541,1.25499004,1.107823419,-0.693375245,0.144337567,0,0.354787438,-0.114707867,-0.632455532,0.588348405,0,0,0,0.098058068,0.105409255,0,0,-0.40824829,0,-0.544331054,-0.65858556,-1.176105303,-0.693375245,-0.512877645,-1.237705496,-1.319455894,-0.953462589,2.449489743,-0.811107106,-0.40824829,-0.632455532,-0.866025404,-0.544331054,1.016001016,0,0,-0.632455532,0,-0.632643288,-0.651422672,-1.213313645,-0.363890784,0.544480674,0.273354784,-1.172289941,-1.379730801,-0.40834928,-1.155272031,0,-0.40834928,-0.632643288,0,-0.544480674,0,-0.40834928,-0.40834928,0,1
60fc2ec58ad0da367daee3c1,26,-0.435100184,-0.134315613,-0.305069246,-0.249258945,-0.678116501,-0.406035809,-0.408860423,-0.471250113,-0.559851128,-0.405070994,-0.320515897,-0.329793615,-0.518669931,-0.058415036,-0.011597189,0.567374472,1.046838384,-0.533369431,-0.069223405,0.229096635,-0.177328716,0.794876806,-0.507346907,-0.068577892,-0.093106747,0.915155496,0.439346549,0.636790931,0.480101854,0.727645167,0.642069692,0.435181262,0.40824829,-0.588348405,0.836660027,1.107823419,-0.693375245,0.144337567,0,2.010462146,0.688247202,-0.632455532,-0.784464541,0,0,0,-0.588348405,-0.632455532,0,0,2.449489743,0,-0.544331054,1.26228899,-0.324442842,-0.693375245,-0.512877645,-0.876708059,1.397070946,-0.286038777,-0.40824829,1.45999279,-0.40824829,1.58113883,1.154700538,-0.544331054,1.905001905,0,0,1.58113883,0,-0.632643288,0.671875111,0.201618885,-1.21260935,-1.360393849,-1.001760115,1.106196443,-0.243963572,-0.40834928,0.865596996,0,-0.40834928,-0.632643288,1.870432121,-0.544480674,0,-0.40834928,-0.40834928,0,0
60fc2ec58ad0da367daee3c1,31,-0.755855904,-0.526543911,-0.595482415,-0.680920154,-0.408573705,-0.340073799,-0.386842725,-0.400720735,-0.504200426,-0.33929251,-0.261872722,-0.268938418,-0.527580864,-0.047407709,0.031143307,,2.477968885,-0.543394357,-0.068851491,0.192168945,0.081006174,0.95633614,-0.51619356,-0.055844742,-0.018963426,0.811146424,0.738681908,-0.443823982,-0.2731614,-1.303937579,-0.389452109,-0.174072505,0.40824829,-0.588348405,0.418330013,-0.615457455,-0.693375245,-0.866025404,-0.907485213,0.354787438,0.688247202,-0.632455532,-0.784464541,0,0,0,-0.588348405,-0.632455532,0,0,-0.40824829,0,-0.544331054,-1.81111029,2.230544541,-0.693375245,2.424512501,2.01127143,-1.319455894,0.381385036,-0.40824829,-0.811107106,-0.40824829,-0.632455532,-0.866025404,1.360827635,-0.762000762,0,0,1.58113883,0,-0.632643288,1.848139807,0.484605391,1.333546346,-0.407956588,-1.001760115,1.106196443,0.323920043,-0.40834928,0.865596996,0,2.448883958,1.58066958,-0.935216061,-0.544480674,0,-0.40834928,-0.40834928,0,1
60fc2ec58ad0da367daee3c1,36,-0.584446763,-0.392760616,-0.585801976,-0.672110741,-0.641080086,-0.28235704,-0.607019697,-0.713065123,-0.606226714,-0.440950167,-0.496445422,-0.573214401,-0.536491796,-0.127399584,,,-2.144825382,-0.553419284,-0.085303195,-0.24848055,,2.678214687,-0.51619356,-0.066139355,0.210711482,-0.169021805,1.957693064,0.006432232,0.161413554,-0.219829477,0.347349178,0.359024541,0.40824829,-0.588348405,-0.836660027,-0.615457455,0.277350098,0.144337567,0.907485213,-0.05913124,1.49120227,1.58113883,0.588348405,0,0,0,1.81407425,0.105409255,0,0,-0.40824829,0,-0.544331054,-0.27441065,-0.324442842,0.277350098,-0.512877645,0.206284249,0.853765578,1.048808848,-0.40824829,-0.811107106,-0.40824829,-0.632455532,-0.866025404,-1.496910398,0.127000127,0,0,-0.632455532,0,-0.632643288,-0.798455759,0.201618885,1.333546346,0.544480674,0.592133509,-0.260895388,0.323920043,-0.40834928,-1.155272031,0,-0.40834928,-0.632643288,0,-0.544480674,0,-0.40834928,2.448883958,0,0
610a40ffbf11d261514a7c0a,4,-0.183926392,0.291358508,-0.251826832,-0.271282476,-0.573179992,-0.09271626,-0.419869271,-0.501476989,-0.307877114,-0.061228919,-0.370781475,-0.42107641,-0.331540341,-0.052434521,-0.034003158,-0.412098622,-0.733426299,-0.332870903,-0.049998758,-0.074523683,-0.844846395,-0.458208458,-0.45426699,-0.049273153,-0.111369314,-0.477277051,0.059653593,1.177098387,1.349251762,-0.958994092,1.378870979,1.539453714,0.40824829,-0.588348405,0.836660027,1.107823419,2.218800785,2.165063509,1.361227819,-1.300887271,-0.114707867,1.58113883,1.961161351,0,0,0,1.127667777,2.319003617,0,0,-0.40824829,0,-0.544331054,0.87811408,0.243332132,0.277350098,-0.512877645,0.567281685,-0.232845158,1.716232661,-0.40824829,-0.811107106,2.449489743,1.58113883,1.154700538,0.40824829,-0.762000762,0,0,-0.632455532,0,1.58066958,-0.063290324,-0.364354127,-0.363890784,0.544480674,1.867248408,1.106196443,2.027570887,2.448883958,0.865596996,0,-0.40834928,-0.632643288,-0.935216061,-0.544480674,0,-0.40834928,-0.40834928,0,1
610a40ffbf11d261514a7c0a,10,-0.937447767,-0.724178324,-0.459956269,-0.575207205,-0.470301063,-0.542082456,0.14708643,-0.022884782,-0.91385143,-0.757882861,-0.45455744,-0.542786803,-0.518669931,-0.070376067,0.017450487,-0.98732106,2.234872359,-0.473219872,-0.061623243,-0.003593551,0.181078654,0.6369919,-0.525040212,-0.086481939,0.073095473,0.386844889,0.964663677,-1.70454138,-1.72174458,1.330176323,-1.715694424,-1.659128561,0.40824829,-0.588348405,-1.25499004,-1.477097892,-0.693375245,-0.866025404,-1.814970426,-0.886968594,-0.917662935,-0.632455532,-0.784464541,0,0,0,-0.931551642,-0.632455532,0,0,-0.40824829,0,0.40824829,-0.27441065,-0.040555355,2.218800785,-0.186500962,-0.515710623,0.853765578,-0.953462589,-0.40824829,0.324442842,-0.40824829,-0.632455532,1.154700538,1.360827635,-0.762000762,0,0,-0.632455532,0,-0.632643288,-1.386588107,-1.213313645,-1.21260935,-1.360393849,-1.001760115,-1.172289941,-0.811847186,-0.40834928,-1.155272031,0,-0.40834928,-0.632643288,-0.935216061,0.407956588,0,-0.40834928,-0.40834928,0,0
610a40ffbf11d261514a7c0a,15,-0.694759576,-0.487017028,-0.440595392,-0.548778967,-0.618446722,-0.521469327,-0.243727694,-0.330191357,-0.258409823,0.01949922,-0.169719161,-0.196672872,-0.447382468,-0.040905186,-0.01950847,-0.087553688,0.050853181,-0.342895829,-0.054045339,-0.03447442,-0.603614266,0.33400255,-0.277333935,-0.048963333,-0.055583861,-0.013272047,-0.452265496,-0.849054574,-0.968481326,1.19802265,-0.978893138,-1.087953155,-2.449489743,2.157277487,-1.25499004,-0.615457455,0.277350098,-0.866025404,0.453742606,-0.473049917,-1.720618004,-0.632455532,-0.784464541,0,0,0,-0.931551642,-0.632455532,0,0,-0.40824829,0,2.313406979,0.87811408,-0.608330329,-0.693375245,-0.186500962,-0.154713187,-0.232845158,-0.953462589,-0.40824829,1.45999279,-0.40824829,-0.632455532,-0.866025404,-0.544331054,-0.762000762,0,0,-0.632455532,0,1.58066958,0.377808937,1.899537921,0.484827781,1.496917935,0.273354784,-0.716592664,-0.243963572,-0.40834928,0.865596996,0,-0.40834928,1.58066958,0.935216061,2.31283111,0,2.448883958,-0.40834928,0,1
610a40ffbf11d261514a7c0a,20,-0.40455202,-0.149518261,-0.251826832,-0.306520126,-0.863298575,-0.706987481,-0.524453333,-0.617346681,-0.787091497,-0.692104378,-0.421047054,-0.497145406,-0.313718475,-0.057412425,-0.044370186,-0.445322589,-0.476387144,-0.45317002,-0.053909319,-0.037449621,-0.273604476,-0.411504261,-0.507346907,-0.057073662,0.036645521,0.75147948,-0.060064248,1.177098387,0.972620135,-0.773082992,0.715749821,0.587494703,0.40824829,0.784464541,1.25499004,1.107823419,-0.693375245,0.144337567,0,0.354787438,-0.114707867,-0.632455532,0.588348405,0,0,0,0.098058068,0.105409255,0,0,-0.40824829,0,-0.544331054,-0.65858556,-1.176105303,-0.693375245,-0.512877645,-1.237705496,-1.319455894,-0.953462589,2.449489743,-0.811107106,-0.40824829,-0.632455532,-0.866025404,-0.544331054,1.016001016,0,0,-0.632455532,0,-0.632643288,-0.651422672,-1.213313645,-0.363890784,0.544480674,0.273354784,-1.172289941,-1.379730801,-0.40834928,-1.155272031,0,-0.40834928,-0.632643288,0,-0.544480674,0,-0.40834928,-0.40834928,0,0
610a40ffbf11d261514a7c0a,26,-0.418128982,0.121088859,-0.498678025,-0.478303668,-0.760419645,-0.385422681,-0.50794006,-0.511552614,-0.521204807,-0.258564371,-0.437802247,-0.41346951,-0.340451274,-0.05142985,-0.043638346,-0.298928768,-0.372595308,-0.403045388,-0.054857763,-0.013124709,-0.625614719,-0.465339787,-0.401187074,-0.060127226,-0.050960666,-0.49182973,-0.981676038,0.636790931,0.480101854,0.727645167,0.642069692,0.435181262,0.40824829,-0.588348405,0.836660027,1.107823419,-0.693375245,0.144337567,0,2.010462146,0.688247202,-0.632455532,-0.784464541,0,0,0,-0.588348405,-0.632455532,0,0,2.449489743,0,-0.544331054,1.26228899,-0.324442842,-0.693375245,-0.512877645,-0.876708059,1.397070946,-0.286038777,-0.40824829,1.45999279,-0.40824829,1.58113883,1.154700538,-0.544331054,1.905001905,0,0,1.58113883,0,-0.632643288,0.671875111,0.201618885,-1.21260935,-1.360393849,-1.001760115,1.106196443,-0.243963572,-0.40834928,0.865596996,0,-0.40834928,-0.632643288,1.870432121,-0.544480674,0,-0.40834928,-0.40834928,0,0
610a40ffbf11d261514a7c0a,31,-0.491105151,-0.365395851,-0.338950783,-0.412233075,0.373306162,0.843119761,0.064520066,0.052682408,-0.434637048,-0.390121338,0.002021566,-0.021714182,-0.447382468,-0.069743877,-0.03117633,-0.298322377,-0.068440909,-0.302796124,-0.060654809,-0.059366794,0.101492814,-1.07319187,-0.445420338,-0.07022503,-0.040094259,-0.61766744,0.456885915,-0.443823982,-0.2731614,-1.303937579,-0.389452109,-0.174072505,0.40824829,-0.588348405,0.418330013,-0.615457455,-0.693375245,-0.866025404,-0.907485213,0.354787438,0.688247202,-0.632455532,-0.784464541,0,0,0,-0.588348405,-0.632455532,0,0,-0.40824829,0,-0.544331054,-1.81111029,2.230544541,-0.693375245,2.424512501,2.01127143,-1.319455894,0.381385036,-0.40824829,-0.811107106,-0.40824829,-0.632455532,-0.866025404,1.360827635,-0.762000762,0,0,1.58113883,0,-0.632643288,1.848139807,0.484605391,1.333546346,-0.407956588,-1.001760115,1.106196443,0.323920043,-0.40834928,0.865596996,0,2.448883958,1.58066958,-0.935216061,-0.544480674,0,-0.40834928,-0.40834928,0,1
610a40ffbf11d261514a7c0a,36,-0.399460659,-0.359314792,-0.111460467,-0.152355408,-0.727498387,-0.529714579,-0.221709997,-0.350342608,-0.338794171,-0.33929251,0.035531952,-0.05594523,-0.411738737,-0.055538031,-0.034201537,-0.741097473,-0.235750458,-0.503294652,-0.058094127,-0.035378076,0.01004852,-0.080646596,-0.401187074,-0.066750598,-0.036647146,-0.372259961,0.187700547,0.006432232,0.161413554,-0.219829477,0.347349178,0.359024541,0.40824829,-0.588348405,-0.836660027,-0.615457455,0.277350098,0.144337567,0.907485213,-0.05913124,1.49120227,1.58113883,0.588348405,0,0,0,1.81407425,0.105409255,0,0,-0.40824829,0,-0.544331054,-0.27441065,-0.324442842,0.277350098,-0.512877645,0.206284249,0.853765578,1.048808848,-0.40824829,-0.811107106,-0.40824829,-0.632455532,-0.866025404,-1.496910398,0.127000127,0,0,-0.632455532,0,-0.632643288,-0.798455759,0.201618885,1.333546346,0.544480674,0.592133509,-0.260895388,0.323920043,-0.40834928,-1.155272031,0,-0.40834928,-0.632643288,0,-0.544480674,0,-0.40834928,2.448883958,0,0
610f615654fdbcac0f485a9d,4,0.292964388,0.175818389,0.343520163,0.288115213,0.529682135,0.719440991,-0.43087812,-0.4662123,0.223896265,0.470978813,-0.245117529,-0.280348768,0.443710816,-0.042185968,-0.042279582,-0.361632957,-0.546608257,0.539297694,-0.040638097,-0.073684073,-0.363092967,-0.736797327,0.350778411,-0.036227576,-0.057841952,-0.059025409,-0.344582432,1.177098387,1.349251762,-0.958994092,1.378870979,1.539453714,0.40824829,-0.588348405,0.836660027,1.107823419,2.218800785,2.165063509,1.361227819,-1.300887271,-0.114707867,1.58113883,1.961161351,0,0,0,1.127667777,2.319003617,0,0,-0.40824829,0,-0.544331054,0.87811408,0.243332132,0.277350098,-0.512877645,0.567281685,-0.232845158,1.716232661,-0.40824829,-0.811107106,2.449489743,1.58113883,1.154700538,0.40824829,-0.762000762,0,0,-0.632455532,0,1.58066958,-0.063290324,-0.364354127,-0.363890784,0.544480674,1.867248408,1.106196443,2.027570887,2.448883958,0.865596996,0,-0.40834928,-0.632643288,-0.935216061,-0.544480674,0,-0.40834928,-0.40834928,0,0
610f615654fdbcac0f485a9d,10,-0.511470593,-0.471814381,-0.488997586,-0.575207205,0.258081761,0.434979822,-0.419869271,-0.451098862,-0.852017316,-0.695094309,-0.513200615,-0.603642,-0.073123289,-0.046768908,-0.050621749,-0.610079313,0.179600413,0.358849019,-0.037445618,-0.034987463,-0.17105511,-0.637628932,-0.436573685,-0.040192477,0.001405993,-0.115841271,0.410334894,-1.70454138,-1.72174458,1.330176323,-1.715694424,-1.659128561,0.40824829,-0.588348405,-1.25499004,-1.477097892,-0.693375245,-0.866025404,-1.814970426,-0.886968594,-0.917662935,-0.632455532,-0.784464541,0,0,0,-0.931551642,-0.632455532,0,0,-0.40824829,0,0.40824829,-0.27441065,-0.040555355,2.218800785,-0.186500962,-0.515710623,0.853765578,-0.953462589,-0.40824829,0.324442842,-0.40824829,-0.632455532,1.154700538,1.360827635,-0.762000762,0,0,-0.632455532,0,-0.632643288,-1.386588107,-1.213313645,-1.21260935,-1.360393849,-1.001760115,-1.172289941,-0.811847186,-0.40834928,-1.155272031,0,-0.40834928,-0.632643288,-0.935216061,0.407956588,0,-0.40834928,-0.40834928,0,1
610f615654fdbcac0f485a9d,15,-0.677788374,-0.642084029,-0.101780028,-0.218426001,-0.439437384,-0.439016814,-0.188683451,-0.209283852,0.426402988,0.270653431,0.441845379,0.389058395,-0.260252878,-0.039334759,-0.025310891,-0.039016143,0.03910861,-0.20254686,-0.050309031,-0.029757827,-0.361972861,-0.653098705,0.642717952,-0.044508515,-0.055504599,-0.117984085,-0.270277624,-0.849054574,-0.968481326,1.19802265,-0.978893138,-1.087953155,-2.449489743,2.157277487,-1.25499004,-0.615457455,0.277350098,-0.866025404,0.453742606,-0.473049917,-1.720618004,-0.632455532,-0.784464541,0,0,0,-0.931551642,-0.632455532,0,0,-0.40824829,0,2.313406979,0.87811408,-0.608330329,-0.693375245,-0.186500962,-0.154713187,-0.232845158,-0.953462589,-0.40824829,1.45999279,-0.40824829,-0.632455532,-0.866025404,-0.544331054,-0.762000762,0,0,-0.632455532,0,1.58066958,0.377808937,1.899537921,0.484827781,1.496917935,0.273354784,-0.716592664,-0.243963572,-0.40834928,0.865596996,0,-0.40834928,1.58066958,0.935216061,2.31283111,0,2.448883958,-0.40834928,0,0
610f615654fdbcac0f485a9d,20,-0.138104147,-0.164720908,0.077308092,-0.007000103,-0.875644046,-0.801807871,-0.243727694,-0.360418233,-0.7345325,-0.707054033,-0.341459888,-0.402059161,-0.055301423,-0.04980714,-0.051169494,-0.622784711,-0.570135422,-0.322845976,-0.053789432,-0.084838936,-0.349241097,-0.873630947,-0.383493768,-0.055751617,0.014227754,-0.024300449,-0.820410834,1.177098387,0.972620135,-0.773082992,0.715749821,0.587494703,0.40824829,0.784464541,1.25499004,1.107823419,-0.693375245,0.144337567,0,0.354787438,-0.114707867,-0.632455532,0.588348405,0,0,0,0.098058068,0.105409255,0,0,-0.40824829,0,-0.544331054,-0.65858556,-1.176105303,-0.693375245,-0.512877645,-1.237705496,-1.319455894,-0.953462589,2.449489743,-0.811107106,-0.40824829,-0.632455532,-0.866025404,-0.544331054,1.016001016,0,0,-0.632455532,0,-0.632643288,-0.651422672,-1.213313645,-0.363890784,0.544480674,0.273354784,-1.172289941,-1.379730801,-0.40834928,-1.155272031,0,-0.40834928,-0.632643288,0,-0.544480674,0,-0.40834928,-0.40834928,0,0
610f615654fdbcac0f485a9d,26,-0.295936326,-0.392760616,0.324159285,0.191211676,0.202527139,-0.100961512,0.581935949,0.480896488,-0.414540961,-0.258564371,-0.400103063,-0.42107641,-0.019657692,-0.047581477,-0.02147325,-0.088678594,-0.48585649,0.148325564,-0.044846662,-0.057636291,-0.285279133,-0.691806749,-0.091554227,-0.044156892,-0.021817814,0.056084411,-0.754871948,0.636790931,0.480101854,0.727645167,0.642069692,0.435181262,0.40824829,-0.588348405,0.836660027,1.107823419,-0.693375245,0.144337567,0,2.010462146,0.688247202,-0.632455532,-0.784464541,0,0,0,-0.588348405,-0.632455532,0,0,2.449489743,0,-0.544331054,1.26228899,-0.324442842,-0.693375245,-0.512877645,-0.876708059,1.397070946,-0.286038777,-0.40824829,1.45999279,-0.40824829,1.58113883,1.154700538,-0.544331054,1.905001905,0,0,1.58113883,0,-0.632643288,0.671875111,0.201618885,-1.21260935,-1.360393849,-1.001760115,1.106196443,-0.243963572,-0.40834928,0.865596996,0,-0.40834928,-0.632643288,1.870432121,-0.544480674,0,-0.40834928,-0.40834928,0,1
610f615654fdbcac0f485a9d,31,-0.502984992,-0.623840853,0.164432043,0.019428134,0.089360316,-0.212272404,0.752573102,0.637068682,-0.179571328,-0.518688375,0.647096491,0.514572238,-0.188965416,-0.044981726,-0.031614708,0.019223945,-0.046833165,0.168375417,-0.048739189,-0.058868982,-0.300495725,-0.735114094,-0.10040088,-0.050006713,-0.015376404,0.054105076,-0.327861874,-0.443823982,-0.2731614,-1.303937579,-0.389452109,-0.174072505,0.40824829,-0.588348405,0.418330013,-0.615457455,-0.693375245,-0.866025404,-0.907485213,0.354787438,0.688247202,-0.632455532,-0.784464541,0,0,0,-0.588348405,-0.632455532,0,0,-0.40824829,0,-0.544331054,-1.81111029,2.230544541,-0.693375245,2.424512501,2.01127143,-1.319455894,0.381385036,-0.40824829,-0.811107106,-0.40824829,-0.632455532,-0.866025404,1.360827635,-0.762000762,0,0,1.58113883,0,-0.632643288,1.848139807,0.484605391,1.333546346,-0.407956588,-1.001760115,1.106196443,0.323920043,-0.40834928,0.865596996,0,2.448883958,1.58066958,-0.935216061,-0.544480674,0,-0.40834928,-0.40834928,0,0
610f615654fdbcac0f485a9d,36,-0.346849933,-0.246815203,-0.096939809,-0.117117759,-0.57729515,-0.410158435,-0.419869271,-0.531703865,-0.519658954,-0.357232096,-0.379159072,-0.451504008,-0.010746759,-0.038864116,-0.056679017,-0.736319314,0.179898674,-0.122347448,-0.04524738,-0.059287315,-0.757995869,-0.756451903,-0.241947324,-0.052959493,-0.075384387,-0.462429393,-0.306628599,0.006432232,0.161413554,-0.219829477,0.347349178,0.359024541,0.40824829,-0.588348405,-0.836660027,-0.615457455,0.277350098,0.144337567,0.907485213,-0.05913124,1.49120227,1.58113883,0.588348405,0,0,0,1.81407425,0.105409255,0,0,-0.40824829,0,-0.544331054,-0.27441065,-0.324442842,0.277350098,-0.512877645,0.206284249,0.853765578,1.048808848,-0.40824829,-0.811107106,-0.40824829,-0.632455532,-0.866025404,-1.496910398,0.127000127,0,0,-0.632455532,0,-0.632643288,-0.798455759,0.201618885,1.333546346,0.544480674,0.592133509,-0.260895388,0.323920043,-0.40834928,-1.155272031,0,-0.40834928,-0.632643288,0,-0.544480674,0,-0.40834928,2.448883958,0,0
61692abb0f3acf7a49d91533,4,-0.334970091,-0.000532318,-0.382512758,-0.412233075,-0.538201156,-0.232885532,-0.540966605,-0.561930742,-0.28932688,-0.127007403,-0.416858256,-0.443897109,-0.144410751,0.047869912,0.07038946,0.266925442,0.007099087,-0.302796124,0.04635905,-0.007335389,0.593599409,-0.341187888,-0.25964063,0.052733201,0.172296002,1.187884822,0.062498539,1.177098387,1.349251762,-0.958994092,1.378870979,1.539453714,0.40824829,-0.588348405,0.836660027,1.107823419,2.218800785,2.165063509,1.361227819,-1.300887271,-0.114707867,1.58113883,1.961161351,0,0,0,1.127667777,2.319003617,0,0,-0.40824829,0,-0.544331054,0.87811408,0.243332132,0.277350098,-0.512877645,0.567281685,-0.232845158,1.716232661,-0.40824829,-0.811107106,2.449489743,1.58113883,1.154700538,0.40824829,-0.762000762,0,0,-0.632455532,0,1.58066958,-0.063290324,-0.364354127,-0.363890784,0.544480674,1.867248408,1.106196443,2.027570887,2.448883958,0.865596996,0,-0.40834928,-0.632643288,-0.935216061,-0.544480674,0,-0.40834928,-0.40834928,0,0
61692abb0f3acf7a49d91533,10,-0.937447767,-0.669448794,-0.551920439,-0.658896623,-0.597870936,-0.080348383,-0.529957757,-0.617346681,-0.879842668,-0.751902999,-0.492256624,-0.561804052,-0.456293401,0.037114256,-0.026328078,0.048657595,0.341193294,-0.252671492,0.051957503,0.158434741,0.916986029,-0.872001335,-0.45426699,0.026684712,0.158075464,-0.602392743,0.334582197,-1.70454138,-1.72174458,1.330176323,-1.715694424,-1.659128561,0.40824829,-0.588348405,-1.25499004,-1.477097892,-0.693375245,-0.866025404,-1.814970426,-0.886968594,-0.917662935,-0.632455532,-0.784464541,0,0,0,-0.931551642,-0.632455532,0,0,-0.40824829,0,0.40824829,-0.27441065,-0.040555355,2.218800785,-0.186500962,-0.515710623,0.853765578,-0.953462589,-0.40824829,0.324442842,-0.40824829,-0.632455532,1.154700538,1.360827635,-0.762000762,0,0,-0.632455532,0,-0.632643288,-1.386588107,-1.213313645,-1.21260935,-1.360393849,-1.001760115,-1.172289941,-0.811847186,-0.40834928,-1.155272031,0,-0.40834928,-0.632643288,-0.935216061,0.407956588,0,-0.40834928,-0.40834928,0,1
61692abb0f3acf7a49d91533,15,-0.823740713,-0.550868146,-0.571281317,-0.667706035,-0.455898012,-0.204027153,-0.50794006,-0.566968554,-0.208942532,0.106207221,-0.257683924,-0.173852174,-0.331540341,0.042230478,0.076951703,0.130208598,-0.148043522,-0.182497007,0.056508605,0.066665623,0.705178798,-0.51312562,-0.135787491,0.06401015,0.11138757,0.548570157,-0.831459702,-0.849054574,-0.968481326,1.19802265,-0.978893138,-1.087953155,-2.449489743,2.157277487,-1.25499004,-0.615457455,0.277350098,-0.866025404,0.453742606,-0.473049917,-1.720618004,-0.632455532,-0.784464541,0,0,0,-0.931551642,-0.632455532,0,0,-0.40824829,0,2.313406979,0.87811408,-0.608330329,-0.693375245,-0.186500962,-0.154713187,-0.232845158,-0.953462589,-0.40824829,1.45999279,-0.40824829,-0.632455532,-0.866025404,-0.544331054,-0.762000762,0,0,-0.632455532,0,1.58066958,0.377808937,1.899537921,0.484827781,1.496917935,0.273354784,-0.716592664,-0.243963572,-0.40834928,0.865596996,0,-0.40834928,1.58066958,0.935216061,2.31283111,0,2.448883958,-0.40834928,0,1
61692abb0f3acf7a49d91533,20,-0.40455202,-0.328909497,-0.251826832,-0.275687182,-0.859183417,-0.756458989,-0.232718845,-0.284851043,-0.783999791,-0.736953344,-0.249306327,-0.261331519,-0.278074744,0.0528901,0.040608492,0.619556989,-0.449439775,-0.403045388,0.035938036,0.288823277,-0.369873508,-0.254860913,-0.410033727,0.042082762,0.233789262,0.808677337,-0.800894026,1.177098387,0.972620135,-0.773082992,0.715749821,0.587494703,0.40824829,0.784464541,1.25499004,1.107823419,-0.693375245,0.144337567,0,0.354787438,-0.114707867,-0.632455532,0.588348405,0,0,0,0.098058068,0.105409255,0,0,-0.40824829,0,-0.544331054,-0.65858556,-1.176105303,-0.693375245,-0.512877645,-1.237705496,-1.319455894,-0.953462589,2.449489743,-0.811107106,-0.40824829,-0.632455532,-0.866025404,-0.544331054,1.016001016,0,0,-0.632455532,0,-0.632643288,-0.651422672,-1.213313645,-0.363890784,0.544480674,0.273354784,-1.172289941,-1.379730801,-0.40834928,-1.155272031,0,-0.40834928,-0.632643288,0,-0.544480674,0,-0.40834928,-0.40834928,0,1
61692abb0f3acf7a49d91533,26,-0.633663249,-0.234653085,-0.522879123,-0.597230736,-0.778937852,-0.401913184,-0.535462181,-0.642535745,-0.617047684,-0.464869615,-0.425235852,-0.447700558,-0.269163811,0.085068618,0.100919622,-0.07888851,-0.454968573,-0.302796124,0.078688787,0.267449466,0.850370268,-0.864182604,-0.286180588,0.086338873,0.307941919,0.217853249,0.092088851,0.636790931,0.480101854,0.727645167,0.642069692,0.435181262,0.40824829,-0.588348405,0.836660027,1.107823419,-0.693375245,0.144337567,0,2.010462146,0.688247202,-0.632455532,-0.784464541,0,0,0,-0.588348405,-0.632455532,0,0,2.449489743,0,-0.544331054,1.26228899,-0.324442842,-0.693375245,-0.512877645,-0.876708059,1.397070946,-0.286038777,-0.40824829,1.45999279,-0.40824829,1.58113883,1.154700538,-0.544331054,1.905001905,0,0,1.58113883,0,-0.632643288,0.671875111,0.201618885,-1.21260935,-1.360393849,-1.001760115,1.106196443,-0.243963572,-0.40834928,0.865596996,0,-0.40834928,-0.632643288,1.870432121,-0.544480674,0,-0.40834928,-0.40834928,0,1
61692abb0f3acf7a49d91533,31,-0.833923434,-0.499179146,-0.561600878,-0.65008721,-0.466185905,-0.076225758,-0.414364847,-0.471250113,-0.550576011,-0.288463682,-0.462935036,-0.527573004,-0.385005938,0.099833502,0.145072842,0.694438269,0.207633022,-0.20254686,0.067679201,0.164810824,0.252790565,-0.853293408,-0.303873893,0.161550824,0.518972086,0.022749371,0.313766123,-0.443823982,-0.2731614,-1.303937579,-0.389452109,-0.174072505,0.40824829,-0.588348405,0.418330013,-0.615457455,-0.693375245,-0.866025404,-0.907485213,0.354787438,0.688247202,-0.632455532,-0.784464541,0,0,0,-0.588348405,-0.632455532,0,0,-0.40824829,0,-0.544331054,-1.81111029,2.230544541,-0.693375245,2.424512501,2.01127143,-1.319455894,0.381385036,-0.40824829,-0.811107106,-0.40824829,-0.632455532,-0.866025404,1.360827635,-0.762000762,0,0,1.58113883,0,-0.632643288,1.848139807,0.484605391,1.333546346,-0.407956588,-1.001760115,1.106196443,0.323920043,-0.40834928,0.865596996,0,2.448883958,1.58066958,-0.935216061,-0.544480674,0,-0.40834928,-0.40834928,0,1
61692abb0f3acf7a49d91533,36,-0.754158784,-0.438368557,-0.532559562,-0.628063679,-0.836550053,-0.476120445,-0.568488727,-0.627422307,-0.763903704,-0.554567548,-0.492256624,-0.577017851,-0.420649669,0.124309998,0.140992868,0.518225227,0.152398408,-0.352920756,0.106830906,0.194246713,0.110648946,0.295757728,-0.436573685,0.18646718,0.255275131,0.035381872,0.309817518,0.006432232,0.161413554,-0.219829477,0.347349178,0.359024541,0.40824829,-0.588348405,-0.836660027,-0.615457455,0.277350098,0.144337567,0.907485213,-0.05913124,1.49120227,1.58113883,0.588348405,0,0,0,1.81407425,0.105409255,0,0,-0.40824829,0,-0.544331054,-0.27441065,-0.324442842,0.277350098,-0.512877645,0.206284249,0.853765578,1.048808848,-0.40824829,-0.811107106,-0.40824829,-0.632455532,-0.866025404,-1.496910398,0.127000127,0,0,-0.632455532,0,-0.632643288,-0.798455759,0.201618885,1.333546346,0.544480674,0.592133509,-0.260895388,0.323920043,-0.40834928,-1.155272031,0,-0.40834928,-0.632643288,0,-0.544480674,0,-0.40834928,2.448883958,0,0
5aec7e89ae13140001fc0cdf,4,0.118161006,0.470749745,-0.353471441,-0.363781306,-0.26865836,0.16288653,-0.529957757,-0.546817303,-0.111553803,0.168995774,-0.395914265,-0.466717807,-0.500848065,-0.031528547,0.041711293,-0.900823185,0.64280021,-0.533369431,-0.012451901,0.056724813,-0.366808382,0.560511013,-0.45426699,-0.014283168,0.108415502,-1.167878778,0.218875571,1.177098387,1.349251762,-0.958994092,1.378870979,1.539453714,0.40824829,-0.588348405,0.836660027,1.107823419,2.218800785,2.165063509,1.361227819,-1.300887271,-0.114707867,1.58113883,1.961161351,0,0,0,1.127667777,2.319003617,0,0,-0.40824829,0,-0.544331054,0.87811408,0.243332132,0.277350098,-0.512877645,0.567281685,-0.232845158,1.716232661,-0.40824829,-0.811107106,2.449489743,1.58113883,1.154700538,0.40824829,-0.762000762,0,0,-0.632455532,0,1.58066958,-0.063290324,-0.364354127,-0.363890784,0.544480674,1.867248408,1.106196443,2.027570887,2.448883958,0.865596996,0,-0.40834928,-0.632643288,-0.935216061,-0.544480674,0,-0.40834928,-0.40834928,0,1
5aec7e89ae13140001fc0cdf,10,-0.900111122,-0.669448794,-0.527719342,-0.584016617,-0.390055497,-0.381300055,-0.425373695,-0.506514802,-0.889117785,-0.763862724,-0.479690229,-0.573214401,-0.536491796,-0.065408861,,,-2.144825382,-0.543394357,-0.080971497,0.340029054,0.722511912,0.955828297,-0.525040212,-0.0281458,0.303075864,-1.013349695,1.541505173,-1.70454138,-1.72174458,1.330176323,-1.715694424,-1.659128561,0.40824829,-0.588348405,-1.25499004,-1.477097892,-0.693375245,-0.866025404,-1.814970426,-0.886968594,-0.917662935,-0.632455532,-0.784464541,0,0,0,-0.931551642,-0.632455532,0,0,-0.40824829,0,0.40824829,-0.27441065,-0.040555355,2.218800785,-0.186500962,-0.515710623,0.853765578,-0.953462589,-0.40824829,0.324442842,-0.40824829,-0.632455532,1.154700538,1.360827635,-0.762000762,0,0,-0.632455532,0,-0.632643288,-1.386588107,-1.213313645,-1.21260935,-1.360393849,-1.001760115,-1.172289941,-0.811847186,-0.40834928,-1.155272031,0,-0.40834928,-0.632643288,-0.935216061,0.407956588,0,-0.40834928,-0.40834928,0,0
5aec7e89ae13140001fc0cdf,15,-0.710033658,-0.438368557,-0.576121537,-0.636873092,-0.727498387,-0.257621286,-0.551975454,-0.65261137,-0.029623602,0.160025981,-0.345648686,-0.360221213,-0.536491796,-0.071727147,,,-2.144825382,-0.553419284,-0.131770507,-0.279869384,,2.678214687,-0.463113643,-0.011404186,0.049946709,-1.309930468,-0.096200982,-0.849054574,-0.968481326,1.19802265,-0.978893138,-1.087953155,-2.449489743,2.157277487,-1.25499004,-0.615457455,0.277350098,-0.866025404,0.453742606,-0.473049917,-1.720618004,-0.632455532,-0.784464541,0,0,0,-0.931551642,-0.632455532,0,0,-0.40824829,0,2.313406979,0.87811408,-0.608330329,-0.693375245,-0.186500962,-0.154713187,-0.232845158,-0.953462589,-0.40824829,1.45999279,-0.40824829,-0.632455532,-0.866025404,-0.544331054,-0.762000762,0,0,-0.632455532,0,1.58066958,0.377808937,1.899537921,0.484827781,1.496917935,0.273354784,-0.716592664,-0.243963572,-0.40834928,0.865596996,0,-0.40834928,1.58066958,0.935216061,2.31283111,0,2.448883958,-0.40834928,0,1
5aec7e89ae13140001fc0cdf,20,0.004453951,0.251831625,-0.159862662,-0.26687777,-0.962062347,-0.686374353,-0.607019697,-0.692913872,-0.709798854,-0.626325894,-0.462935036,-0.516162655,-0.518669931,-0.037711725,0.095025618,-0.977896708,1.044231659,-0.553419284,-0.068042033,-0.229516462,,2.678214687,-0.533886865,-0.097891801,0.036163873,,2.595704978,1.177098387,0.972620135,-0.773082992,0.715749821,0.587494703,0.40824829,0.784464541,1.25499004,1.107823419,-0.693375245,0.144337567,0,0.354787438,-0.114707867,-0.632455532,0.588348405,0,0,0,0.098058068,0.105409255,0,0,-0.40824829,0,-0.544331054,-0.65858556,-1.176105303,-0.693375245,-0.512877645,-1.237705496,-1.319455894,-0.953462589,2.449489743,-0.811107106,-0.40824829,-0.632455532,-0.866025404,-0.544331054,1.016001016,0,0,-0.632455532,0,-0.632643288,-0.651422672,-1.213313645,-0.363890784,0.544480674,0.273354784,-1.172289941,-1.379730801,-0.40834928,-1.155272031,0,-0.40834928,-0.632643288,0,-0.544480674,0,-0.40834928,-0.40834928,0,1
5aec7e89ae13140001fc0cdf,26,-0.630269008,-0.334990556,-0.382512758,-0.48711308,-0.346846347,0.121660273,-0.50794006,-0.52162824,-0.348069288,-0.040299402,-0.462935036,-0.489538506,-0.456293401,0.26473942,1.223158116,0.97271056,0.051930896,-0.543394357,-0.057431559,0.276017896,0.069050824,1.007153314,-0.533886865,-0.096733657,0.046230668,,2.595704978,0.636790931,0.480101854,0.727645167,0.642069692,0.435181262,0.40824829,-0.588348405,0.836660027,1.107823419,-0.693375245,0.144337567,0,2.010462146,0.688247202,-0.632455532,-0.784464541,0,0,0,-0.588348405,-0.632455532,0,0,2.449489743,0,-0.544331054,1.26228899,-0.324442842,-0.693375245,-0.512877645,-0.876708059,1.397070946,-0.286038777,-0.40824829,1.45999279,-0.40824829,1.58113883,1.154700538,-0.544331054,1.905001905,0,0,1.58113883,0,-0.632643288,0.671875111,0.201618885,-1.21260935,-1.360393849,-1.001760115,1.106196443,-0.243963572,-0.40834928,0.865596996,0,-0.40834928,-0.632643288,1.870432121,-0.544480674,0,-0.40834928,-0.40834928,0,1
5aec7e89ae13140001fc0cdf,31,-0.508076353,-0.365395851,-0.305069246,-0.407828369,-0.032036821,0.48445133,-0.419869271,-0.471250113,-0.280051763,-0.195775818,-0.324704695,-0.341203964,-0.536491796,-0.07673409,,,-2.144825382,-0.543394357,-0.014202082,0.009061937,-1.077811112,0.932001978,-0.533886865,-0.091843716,0.08873491,,2.595704978,-0.443823982,-0.2731614,-1.303937579,-0.389452109,-0.174072505,0.40824829,-0.588348405,0.418330013,-0.615457455,-0.693375245,-0.866025404,-0.907485213,0.354787438,0.688247202,-0.632455532,-0.784464541,0,0,0,-0.588348405,-0.632455532,0,0,-0.40824829,0,-0.544331054,-1.81111029,2.230544541,-0.693375245,2.424512501,2.01127143,-1.319455894,0.381385036,-0.40824829,-0.811107106,-0.40824829,-0.632455532,-0.866025404,1.360827635,-0.762000762,0,0,1.58113883,0,-0.632643288,1.848139807,0.484605391,1.333546346,-0.407956588,-1.001760115,1.106196443,0.323920043,-0.40834928,0.865596996,0,2.448883958,1.58066958,-0.935216061,-0.544480674,0,-0.40834928,-0.40834928,0,0
5aec7e89ae13140001fc0cdf,36,-0.969693051,-0.651205618,-0.585801976,-0.672110741,-0.589640621,-0.274111789,-0.535462181,-0.617346681,-0.536663335,-0.276503957,-0.437802247,-0.512359205,-0.527580864,-0.060163493,0.142038724,,2.477968885,-0.533369431,-0.039360938,0.248544398,-0.468971389,0.610550654,-0.51619356,-0.022226398,0.369597987,-0.044941247,1.235549306,0.006432232,0.161413554,-0.219829477,0.347349178,0.359024541,0.40824829,-0.588348405,-0.836660027,-0.615457455,0.277350098,0.144337567,0.907485213,-0.05913124,1.49120227,1.58113883,0.588348405,0,0,0,1.81407425,0.105409255,0,0,-0.40824829,0,-0.544331054,-0.27441065,-0.324442842,0.277350098,-0.512877645,0.206284249,0.853765578,1.048808848,-0.40824829,-0.811107106,-0.40824829,-0.632455532,-0.866025404,-1.496910398,0.127000127,0,0,-0.632455532,0,-0.632643288,-0.798455759,0.201618885,1.333546346,0.544480674,0.592133509,-0.260895388,0.323920043,-0.40834928,-1.155272031,0,-0.40834928,-0.632643288,0,-0.544480674,0,-0.40834928,2.448883958,0,0
5e08d48b7bf5721d51467348,4,0.910716145,1.711285755,0.333839724,0.376209337,0.91856449,1.737729525,0.383776675,0.284421793,1.043198274,1.406827241,0.776949236,0.834062021,-0.474115266,-0.074409437,-0.067046092,-1.496463487,0.319375248,-0.382995535,-0.071188905,-0.176632285,-1.603643703,0.610231203,-0.463113643,-0.079297157,-0.089564758,-1.06110986,-0.52588078,1.177098387,1.349251762,-0.958994092,1.378870979,1.539453714,0.40824829,-0.588348405,0.836660027,1.107823419,2.218800785,2.165063509,1.361227819,-1.300887271,-0.114707867,1.58113883,1.961161351,0,0,0,1.127667777,2.319003617,0,0,-0.40824829,0,-0.544331054,0.87811408,0.243332132,0.277350098,-0.512877645,0.567281685,-0.232845158,1.716232661,-0.40824829,-0.811107106,2.449489743,1.58113883,1.154700538,0.40824829,-0.762000762,0,0,-0.632455532,0,1.58066958,-0.063290324,-0.364354127,-0.363890784,0.544480674,1.867248408,1.106196443,2.027570887,2.448883958,0.865596996,0,-0.40834928,-0.632643288,-0.935216061,-0.544480674,0,-0.40834928,-0.40834928,0,1
5e08d48b7bf5721d51467348,10,0.07064164,-0.511341264,-0.193744198,-0.306520126,1.544068384,0.748299371,0.725050981,0.516161177,-0.208942532,-0.542607824,-0.123642381,-0.249921169,-0.393916871,-0.071159132,-0.077899563,-2.088013833,0.581909695,-0.473219872,-0.075130267,-0.156213585,-1.08542277,0.248337635,-0.525040212,-0.103725415,-0.031880772,0.56627804,0.869723412,-1.70454138,-1.72174458,1.330176323,-1.715694424,-1.659128561,0.40824829,-0.588348405,-1.25499004,-1.477097892,-0.693375245,-0.866025404,-1.814970426,-0.886968594,-0.917662935,-0.632455532,-0.784464541,0,0,0,-0.931551642,-0.632455532,0,0,-0.40824829,0,0.40824829,-0.27441065,-0.040555355,2.218800785,-0.186500962,-0.515710623,0.853765578,-0.953462589,-0.40824829,0.324442842,-0.40824829,-0.632455532,1.154700538,1.360827635,-0.762000762,0,0,-0.632455532,0,-0.632643288,-1.386588107,-1.213313645,-1.21260935,-1.360393849,-1.001760115,-1.172289941,-0.811847186,-0.40834928,-1.155272031,0,-0.40834928,-0.632643288,-0.935216061,0.407956588,0,-0.40834928,-0.40834928,0,1
5e08d48b7bf5721d51467348,15,0.574686343,0.552844039,-0.406713855,-0.509136611,-0.250140153,0.129905524,-0.557479878,-0.677800434,1.0030061,1.613132486,-0.496445422,-0.580821301,-0.278074744,-0.069168042,-0.094717228,-2.692110867,-0.695171837,-0.503294652,-0.084496862,-0.052189225,-0.815356367,1.378247372,-0.45426699,-0.07660067,-0.109427441,-1.262893118,-0.039972706,-0.849054574,-0.968481326,1.19802265,-0.978893138,-1.087953155,-2.449489743,2.157277487,-1.25499004,-0.615457455,0.277350098,-0.866025404,0.453742606,-0.473049917,-1.720618004,-0.632455532,-0.784464541,0,0,0,-0.931551642,-0.632455532,0,0,-0.40824829,0,2.313406979,0.87811408,-0.608330329,-0.693375245,-0.186500962,-0.154713187,-0.232845158,-0.953462589,-0.40824829,1.45999279,-0.40824829,-0.632455532,-0.866025404,-0.544331054,-0.762000762,0,0,-0.632455532,0,1.58066958,0.377808937,1.899537921,0.484827781,1.496917935,0.273354784,-0.716592664,-0.243963572,-0.40834928,0.865596996,0,-0.40834928,1.58066958,0.935216061,2.31283111,0,2.448883958,-0.40834928,0,0
5e08d48b7bf5721d51467348,20,-0.211080316,0.267034272,-0.595482415,-0.698538979,-0.538201156,-0.612167091,-0.408860423,-0.511552614,-0.196575709,-0.542607824,-0.14877517,-0.24231427,-0.509758998,-0.085228011,-0.039646581,-1.044497738,1.10935697,-0.513319578,-0.082109114,-0.106452123,-0.693296254,0.708095785,-0.525040212,-0.102438589,-0.041882777,0.397896272,1.671220997,1.177098387,0.972620135,-0.773082992,0.715749821,0.587494703,0.40824829,0.784464541,1.25499004,1.107823419,-0.693375245,0.144337567,0,0.354787438,-0.114707867,-0.632455532,0.588348405,0,0,0,0.098058068,0.105409255,0,0,-0.40824829,0,-0.544331054,-0.65858556,-1.176105303,-0.693375245,-0.512877645,-1.237705496,-1.319455894,-0.953462589,2.449489743,-0.811107106,-0.40824829,-0.632455532,-0.866025404,-0.544331054,1.016001016,0,0,-0.632455532,0,-0.632643288,-0.651422672,-1.213313645,-0.363890784,0.544480674,0.273354784,-1.172289941,-1.379730801,-0.40834928,-1.155272031,0,-0.40834928,-0.632643288,0,-0.544480674,0,-0.40834928,-0.40834928,0,0
5e08d48b7bf5721d51467348,26,0.31163271,1.264327928,-0.576121537,-0.663301329,-0.064958079,0.369017812,-0.607019697,-0.702989497,-0.266139087,0.225804464,-0.504823018,-0.5884282,-0.465204334,-0.071051607,-0.048077813,-0.629230945,0.103081168,-0.543394357,-0.097598218,-0.090173647,0.682175368,2.03869575,-0.436573685,-0.075273349,-0.094729792,-1.30997194,-0.358167161,0.636790931,0.480101854,0.727645167,0.642069692,0.435181262,0.40824829,-0.588348405,0.836660027,1.107823419,-0.693375245,0.144337567,0,2.010462146,0.688247202,-0.632455532,-0.784464541,0,0,0,-0.588348405,-0.632455532,0,0,2.449489743,0,-0.544331054,1.26228899,-0.324442842,-0.693375245,-0.512877645,-0.876708059,1.397070946,-0.286038777,-0.40824829,1.45999279,-0.40824829,1.58113883,1.154700538,-0.544331054,1.905001905,0,0,1.58113883,0,-0.632643288,0.671875111,0.201618885,-1.21260935,-1.360393849,-1.001760115,1.106196443,-0.243963572,-0.40834928,0.865596996,0,-0.40834928,-0.632643288,1.870432121,-0.544480674,0,-0.40834928,-0.40834928,0,0
5e08d48b7bf5721d51467348,31,-0.273873764,0.157575213,-0.493837806,-0.597230736,0.175778617,1.440900479,-0.607019697,-0.723140748,-0.049719689,0.784921577,-0.513200615,-0.603642,-0.527580864,-0.08734404,-0.03879903,,2.477968885,-0.483244799,-0.07176846,-0.162550221,-1.736385339,-0.465732835,-0.339260504,-0.06944221,-0.159475138,-2.327321777,0.191505659,-0.443823982,-0.2731614,-1.303937579,-0.389452109,-0.174072505,0.40824829,-0.588348405,0.418330013,-0.615457455,-0.693375245,-0.866025404,-0.907485213,0.354787438,0.688247202,-0.632455532,-0.784464541,0,0,0,-0.588348405,-0.632455532,0,0,-0.40824829,0,-0.544331054,-1.81111029,2.230544541,-0.693375245,2.424512501,2.01127143,-1.319455894,0.381385036,-0.40824829,-0.811107106,-0.40824829,-0.632455532,-0.866025404,1.360827635,-0.762000762,0,0,1.58113883,0,-0.632643288,1.848139807,0.484605391,1.333546346,-0.407956588,-1.001760115,1.106196443,0.323920043,-0.40834928,0.865596996,0,2.448883958,1.58066958,-0.935216061,-0.544480674,0,-0.40834928,-0.40834928,0,0
5e08d48b7bf5721d51467348,36,-0.32139313,0.470749745,-0.585801976,-0.689729566,-0.717210494,-0.076225758,-0.607019697,-0.723140748,0.106411449,0.769971921,-0.345648686,-0.436290209,-0.509758998,-0.082605326,-0.03596263,-1.117153386,2.300854607,-0.553419284,-0.121400683,-0.176547804,,2.678214687,-0.498500254,-0.083994074,-0.0701871,-0.803048575,0.810278582,0.006432232,0.161413554,-0.219829477,0.347349178,0.359024541,0.40824829,-0.588348405,-0.836660027,-0.615457455,0.277350098,0.144337567,0.907485213,-0.05913124,1.49120227,1.58113883,0.588348405,0,0,0,1.81407425,0.105409255,0,0,-0.40824829,0,-0.544331054,-0.27441065,-0.324442842,0.277350098,-0.512877645,0.206284249,0.853765578,1.048808848,-0.40824829,-0.811107106,-0.40824829,-0.632455532,-0.866025404,-1.496910398,0.127000127,0,0,-0.632455532,0,-0.632643288,-0.798455759,0.201618885,1.333546346,0.544480674,0.592133509,-0.260895388,0.323920043,-0.40834928,-1.155272031,0,-0.40834928,-0.632643288,0,-0.544480674,0,-0.40834928,2.448883958,0,0
607a3a5716f47a41359384cf,4,3.244256438,0.294399037,5.091775466,4.741273193,1.05024952,-0.570940835,2.591050814,2.319698126,0.738665263,-0.485799133,2.276538998,1.990310756,-0.17114355,-0.069879346,-0.071940254,-0.438859566,-0.355408534,-0.342895829,-0.069003681,-0.137930044,-1.259140479,0.075124558,-0.45426699,-0.076811242,-0.108207175,-1.020399581,0.017800391,1.177098387,1.349251762,-0.958994092,1.378870979,1.539453714,0.40824829,-0.588348405,0.836660027,1.107823419,2.218800785,2.165063509,1.361227819,-1.300887271,-0.114707867,1.58113883,1.961161351,0,0,0,1.127667777,2.319003617,0,0,-0.40824829,0,-0.544331054,0.87811408,0.243332132,0.277350098,-0.512877645,0.567281685,-0.232845158,1.716232661,-0.40824829,-0.811107106,2.449489743,1.58113883,1.154700538,0.40824829,-0.762000762,0,0,-0.632455532,0,1.58066958,-0.063290324,-0.364354127,-0.363890784,0.544480674,1.867248408,1.106196443,2.027570887,2.448883958,0.865596996,0,-0.40834928,-0.632643288,-0.935216061,-0.544480674,0,-0.40834928,-0.40834928,0,0
607a3a5716f47a41359384cf,10,-0.446980025,-0.657286677,-0.150182223,-0.117117759,0.595524651,-0.059735255,0.780095223,0.752938374,-0.708253001,-0.713033895,-0.467123835,-0.493341956,-0.474115266,-0.069000151,-0.066340547,-0.600637371,-0.33775647,-0.352920756,-0.071580183,-0.118336459,-1.246202135,-0.818662713,-0.463113643,-0.071447515,-0.13509265,-0.759697143,-0.142930615,-1.70454138,-1.72174458,1.330176323,-1.715694424,-1.659128561,0.40824829,-0.588348405,-1.25499004,-1.477097892,-0.693375245,-0.866025404,-1.814970426,-0.886968594,-0.917662935,-0.632455532,-0.784464541,0,0,0,-0.931551642,-0.632455532,0,0,-0.40824829,0,0.40824829,-0.27441065,-0.040555355,2.218800785,-0.186500962,-0.515710623,0.853765578,-0.953462589,-0.40824829,0.324442842,-0.40824829,-0.632455532,1.154700538,1.360827635,-0.762000762,0,0,-0.632455532,0,-0.632643288,-1.386588107,-1.213313645,-1.21260935,-1.360393849,-1.001760115,-1.172289941,-0.811847186,-0.40834928,-1.155272031,0,-0.40834928,-0.632643288,-0.935216061,0.407956588,0,-0.40834928,-0.40834928,0,1
607a3a5716f47a41359384cf,15,-0.575961161,-0.541746558,-0.348631222,-0.412233075,0.09759063,-0.37717743,0.136077582,0.077871472,1.072569478,0.635425022,0.772760438,0.761796475,-0.500848065,-0.063310714,-0.046643344,-0.129004148,1.250961077,-0.443145093,-0.076296493,-0.097974387,-0.725535356,-0.200347071,-0.418880379,-0.075921382,-0.103579349,-0.957780898,-0.069611796,-0.849054574,-0.968481326,1.19802265,-0.978893138,-1.087953155,-2.449489743,2.157277487,-1.25499004,-0.615457455,0.277350098,-0.866025404,0.453742606,-0.473049917,-1.720618004,-0.632455532,-0.784464541,0,0,0,-0.931551642,-0.632455532,0,0,-0.40824829,0,2.313406979,0.87811408,-0.608330329,-0.693375245,-0.186500962,-0.154713187,-0.232845158,-0.953462589,-0.40824829,1.45999279,-0.40824829,-0.632455532,-0.866025404,-0.544331054,-0.762000762,0,0,-0.632455532,0,1.58066958,0.377808937,1.899537921,0.484827781,1.496917935,0.273354784,-0.716592664,-0.243963572,-0.40834928,0.865596996,0,-0.40834928,1.58066958,0.935216061,2.31283111,0,2.448883958,-0.40834928,0,1
607a3a5716f47a41359384cf,20,0.844528457,0.76264057,0.067627653,0.155974027,-0.130800594,-0.496733573,0.092042188,0.108098348,-0.00179825,-0.605396376,0.089986328,0.080978962,-0.35827314,-0.070574755,-0.058555669,-0.525180379,0.442673758,-0.443145093,-0.078962154,-0.10696621,-0.734576105,-0.078271137,-0.427727032,-0.066824131,-0.151174146,-0.964239111,-0.142688401,1.177098387,0.972620135,-0.773082992,0.715749821,0.587494703,0.40824829,0.784464541,1.25499004,1.107823419,-0.693375245,0.144337567,0,0.354787438,-0.114707867,-0.632455532,0.588348405,0,0,0,0.098058068,0.105409255,0,0,-0.40824829,0,-0.544331054,-0.65858556,-1.176105303,-0.693375245,-0.512877645,-1.237705496,-1.319455894,-0.953462589,2.449489743,-0.811107106,-0.40824829,-0.632455532,-0.866025404,-0.544331054,1.016001016,0,0,-0.632455532,0,-0.632643288,-0.651422672,-1.213313645,-0.363890784,0.544480674,0.273354784,-1.172289941,-1.379730801,-0.40834928,-1.155272031,0,-0.40834928,-0.632643288,0,-0.544480674,0,-0.40834928,-0.40834928,0,1
607a3a5716f47a41359384cf,26,0.340483754,-0.298504203,0.963068256,0.940011732,0.488530564,-0.53795983,1.198431469,1.085434013,0.00902272,-0.434970305,0.466978168,0.434699793,-0.438471535,-0.069223675,-0.062142042,-1.346358996,-0.411484626,-0.473219872,-0.069249658,-0.164522099,-1.070000448,0.744614674,-0.445420338,-0.074879052,-0.106466304,-0.551964086,-0.082235166,0.636790931,0.480101854,0.727645167,0.642069692,0.435181262,0.40824829,-0.588348405,0.836660027,1.107823419,-0.693375245,0.144337567,0,2.010462146,0.688247202,-0.632455532,-0.784464541,0,0,0,-0.588348405,-0.632455532,0,0,2.449489743,0,-0.544331054,1.26228899,-0.324442842,-0.693375245,-0.512877645,-0.876708059,1.397070946,-0.286038777,-0.40824829,1.45999279,-0.40824829,1.58113883,1.154700538,-0.544331054,1.905001905,0,0,1.58113883,0,-0.632643288,0.671875111,0.201618885,-1.21260935,-1.360393849,-1.001760115,1.106196443,-0.243963572,-0.40834928,0.865596996,0,-0.40834928,-0.632643288,1.870432121,-0.544480674,0,-0.40834928,-0.40834928,0,1
607a3a5716f47a41359384cf,31,-0.027791333,-0.255936791,-0.08725937,0.006214015,0.848606818,1.164684561,0.180112976,0.511123365,0.707748206,0.755022266,0.073231136,0.278758351,-0.465204334,-0.074204126,-0.064151068,-0.890313993,0.688394348,-0.413070314,-0.073866855,-0.145582099,-0.563052089,0.832396967,-0.35695381,-0.080654174,-0.098734211,-0.594511769,-0.624675212,-0.443823982,-0.2731614,-1.303937579,-0.389452109,-0.174072505,0.40824829,-0.588348405,0.418330013,-0.615457455,-0.693375245,-0.866025404,-0.907485213,0.354787438,0.688247202,-0.632455532,-0.784464541,0,0,0,-0.588348405,-0.632455532,0,0,-0.40824829,0,-0.544331054,-1.81111029,2.230544541,-0.693375245,2.424512501,2.01127143,-1.319455894,0.381385036,-0.40824829,-0.811107106,-0.40824829,-0.632455532,-0.866025404,1.360827635,-0.762000762,0,0,1.58113883,0,-0.632643288,1.848139807,0.484605391,1.333546346,-0.407956588,-1.001760115,1.106196443,0.323920043,-0.40834928,0.865596996,0,2.448883958,1.58066958,-0.935216061,-0.544480674,0,-0.40834928,-0.40834928,0,1
607a3a5716f47a41359384cf,36,0.211502617,-0.140396672,0.987269353,1.217508224,0.587294336,0.035085135,0.703033283,1.256719645,-0.225946913,-0.318362992,0.169573495,0.286365251,-0.385005938,-0.073151079,-0.064815986,-1.009865616,-0.208635301,-0.413070314,-0.077566847,-0.12203603,-0.685527334,-0.229393016,-0.463113643,-0.075076366,-0.080614328,-0.759635318,-0.222792549,0.006432232,0.161413554,-0.219829477,0.347349178,0.359024541,0.40824829,-0.588348405,-0.836660027,-0.615457455,0.277350098,0.144337567,0.907485213,-0.05913124,1.49120227,1.58113883,0.588348405,0,0,0,1.81407425,0.105409255,0,0,-0.40824829,0,-0.544331054,-0.27441065,-0.324442842,0.277350098,-0.512877645,0.206284249,0.853765578,1.048808848,-0.40824829,-0.811107106,-0.40824829,-0.632455532,-0.866025404,-1.496910398,0.127000127,0,0,-0.632455532,0,-0.632643288,-0.798455759,0.201618885,1.333546346,0.544480674,0.592133509,-0.260895388,0.323920043,-0.40834928,-1.155272031,0,-0.40834928,-0.632643288,0,-0.544480674,0,-0.40834928,2.448883958,0,1
63d3fa78d12b38b131ef6b76,4,0.975206713,0.17277786,0.159591823,0.116331671,1.576989641,1.119335679,0.653493465,0.722711498,1.122036769,0.916478544,0.383202204,0.564017086,2.484314437,-0.091154296,-0.103514659,0.771117002,-1.295244438,3.115703778,-0.091705862,-0.239500709,1.22392166,-0.838830709,2.84553449,-0.090522038,-0.210306281,1.81063448,-0.86339323,1.177098387,1.349251762,-0.958994092,1.378870979,1.539453714,0.40824829,-0.588348405,0.836660027,1.107823419,2.218800785,2.165063509,1.361227819,-1.300887271,-0.114707867,1.58113883,1.961161351,0,0,0,1.127667777,2.319003617,0,0,-0.40824829,0,-0.544331054,0.87811408,0.243332132,0.277350098,-0.512877645,0.567281685,-0.232845158,1.716232661,-0.40824829,-0.811107106,2.449489743,1.58113883,1.154700538,0.40824829,-0.762000762,0,0,-0.632455532,0,1.58066958,-0.063290324,-0.364354127,-0.363890784,0.544480674,1.867248408,1.106196443,2.027570887,2.448883958,0.865596996,0,-0.40834928,-0.632643288,-0.935216061,-0.544480674,0,-0.40834928,-0.40834928,0,1
63d3fa78d12b38b131ef6b76,10,-0.625177648,-0.508300734,-0.537399781,-0.645682504,0.155202831,0.208235412,-0.1996923,-0.088376347,-0.748445176,-0.719013757,-0.450368642,-0.516162655,0.149650032,-0.091187893,-0.096492453,1.31470671,-0.529586358,1.220992689,-0.091982239,-0.24725386,-0.952427772,-0.874923366,-0.153480796,-0.090290946,-0.218268588,0.028467464,-0.384633312,-1.70454138,-1.72174458,1.330176323,-1.715694424,-1.659128561,0.40824829,-0.588348405,-1.25499004,-1.477097892,-0.693375245,-0.866025404,-1.814970426,-0.886968594,-0.917662935,-0.632455532,-0.784464541,0,0,0,-0.931551642,-0.632455532,0,0,-0.40824829,0,0.40824829,-0.27441065,-0.040555355,2.218800785,-0.186500962,-0.515710623,0.853765578,-0.953462589,-0.40824829,0.324442842,-0.40824829,-0.632455532,1.154700538,1.360827635,-0.762000762,0,0,-0.632455532,0,-0.632643288,-1.386588107,-1.213313645,-1.21260935,-1.360393849,-1.001760115,-1.172289941,-0.811847186,-0.40834928,-1.155272031,0,-0.40834928,-0.632643288,-0.935216061,0.407956588,0,-0.40834928,-0.40834928,0,1
63d3fa78d12b38b131ef6b76,15,-0.362124015,-0.432287498,-0.387352977,-0.438661312,0.375363741,-0.063857881,0.158095279,0.188703352,-0.164112799,-0.458889753,-0.245117529,-0.291759117,0.470443615,-0.091098202,-0.099798937,1.511096107,-0.664544544,1.531765407,-0.091283814,-0.234399428,2.086451316,-0.727341598,0.801957702,-0.091479536,-0.207673493,-1.308400509,-0.621430408,-0.849054574,-0.968481326,1.19802265,-0.978893138,-1.087953155,-2.449489743,2.157277487,-1.25499004,-0.615457455,0.277350098,-0.866025404,0.453742606,-0.473049917,-1.720618004,-0.632455532,-0.784464541,0,0,0,-0.931551642,-0.632455532,0,0,-0.40824829,0,2.313406979,0.87811408,-0.608330329,-0.693375245,-0.186500962,-0.154713187,-0.232845158,-0.953462589,-0.40824829,1.45999279,-0.40824829,-0.632455532,-0.866025404,-0.544331054,-0.762000762,0,0,-0.632455532,0,1.58066958,0.377808937,1.899537921,0.484827781,1.496917935,0.273354784,-0.716592664,-0.243963572,-0.40834928,0.865596996,0,-0.40834928,1.58066958,0.935216061,2.31283111,0,2.448883958,-0.40834928,0,1
63d3fa78d12b38b131ef6b76,20,0.245445022,0.060278271,-0.155022443,0.001809309,-0.663713451,-0.711110107,-0.31528521,-0.415834173,-0.627868653,-0.724993619,-0.345648686,-0.398255711,1.379358764,-0.090671516,-0.099994052,1.027935304,-0.329083243,0.198450196,-0.091002081,-0.208190941,1.186222634,-0.577771823,0.085378828,-0.091841929,-0.210410986,-0.923094106,-0.446427732,1.177098387,0.972620135,-0.773082992,0.715749821,0.587494703,0.40824829,0.784464541,1.25499004,1.107823419,-0.693375245,0.144337567,0,0.354787438,-0.114707867,-0.632455532,0.588348405,0,0,0,0.098058068,0.105409255,0,0,-0.40824829,0,-0.544331054,-0.65858556,-1.176105303,-0.693375245,-0.512877645,-1.237705496,-1.319455894,-0.953462589,2.449489743,-0.811107106,-0.40824829,-0.632455532,-0.866025404,-0.544331054,1.016001016,0,0,-0.632455532,0,-0.632643288,-0.651422672,-1.213313645,-0.363890784,0.544480674,0.273354784,-1.172289941,-1.379730801,-0.40834928,-1.155272031,0,-0.40834928,-0.632643288,0,-0.544480674,0,-0.40834928,-0.40834928,0,1
63d3fa78d12b38b131ef6b76,26,0.914110386,-0.149518261,0.580690917,0.706562303,-0.445610119,-0.649270722,-0.304276361,-0.365456046,0.302734761,-0.485799133,-0.211607143,-0.287955667,2.30609578,-0.090777,-0.102947984,0.700035611,-0.758985461,0.479148135,-0.091546342,-0.238878675,1.685939678,-0.92926992,1.474303312,-0.090247827,-0.199265916,1.282956363,-0.924174146,0.636790931,0.480101854,0.727645167,0.642069692,0.435181262,0.40824829,-0.588348405,0.836660027,1.107823419,-0.693375245,0.144337567,0,2.010462146,0.688247202,-0.632455532,-0.784464541,0,0,0,-0.588348405,-0.632455532,0,0,2.449489743,0,-0.544331054,1.26228899,-0.324442842,-0.693375245,-0.512877645,-0.876708059,1.397070946,-0.286038777,-0.40824829,1.45999279,-0.40824829,1.58113883,1.154700538,-0.544331054,1.905001905,0,0,1.58113883,0,-0.632643288,0.671875111,0.201618885,-1.21260935,-1.360393849,-1.001760115,1.106196443,-0.243963572,-0.40834928,0.865596996,0,-0.40834928,-0.632643288,1.870432121,-0.544480674,0,-0.40834928,-0.40834928,0,1
63d3fa78d12b38b131ef6b76,31,-0.450374266,-0.569111323,-0.513198684,-0.588421323,0.153145252,-0.014386373,-0.249232118,-0.22439729,0.043031482,-0.515698444,-0.236739933,-0.246117719,0.381334286,-0.09055935,-0.098075545,0.775892911,-0.451594913,1.200942836,-0.091010566,-0.226047602,1.316405514,-0.672649894,1.173517118,-0.090358916,-0.210181322,0.444835057,-0.662017389,-0.443823982,-0.2731614,-1.303937579,-0.389452109,-0.174072505,0.40824829,-0.588348405,0.418330013,-0.615457455,-0.693375245,-0.866025404,-0.907485213,0.354787438,0.688247202,-0.632455532,-0.784464541,0,0,0,-0.588348405,-0.632455532,0,0,-0.40824829,0,-0.544331054,-1.81111029,2.230544541,-0.693375245,2.424512501,2.01127143,-1.319455894,0.381385036,-0.40824829,-0.811107106,-0.40824829,-0.632455532,-0.866025404,1.360827635,-0.762000762,0,0,1.58113883,0,-0.632643288,1.848139807,0.484605391,1.333546346,-0.407956588,-1.001760115,1.106196443,0.323920043,-0.40834928,0.865596996,0,2.448883958,1.58066958,-0.935216061,-0.544480674,0,-0.40834928,-0.40834928,0,1
63d3fa78d12b38b131ef6b76,36,0.068944519,-0.444449616,-0.208264857,-0.262473064,-0.571122414,-0.587431338,-0.370329453,-0.4662123,0.060035864,-0.303413337,-0.090131995,-0.132014226,1.094208913,-0.090650255,-0.099961527,0.999383297,-0.55647419,0.328774239,-0.09238122,-0.242084573,-1.471133819,-0.56925358,1.173517118,-0.090562829,-0.201494326,1.51610793,-0.71855015,0.006432232,0.161413554,-0.219829477,0.347349178,0.359024541,0.40824829,-0.588348405,-0.836660027,-0.615457455,0.277350098,0.144337567,0.907485213,-0.05913124,1.49120227,1.58113883,0.588348405,0,0,0,1.81407425,0.105409255,0,0,-0.40824829,0,-0.544331054,-0.27441065,-0.324442842,0.277350098,-0.512877645,0.206284249,0.853765578,1.048808848,-0.40824829,-0.811107106,-0.40824829,-0.632455532,-0.866025404,-1.496910398,0.127000127,0,0,-0.632455532,0,-0.632643288,-0.798455759,0.201618885,1.333546346,0.544480674,0.592133509,-0.260895388,0.323920043,-0.40834928,-1.155272031,0,-0.40834928,-0.632643288,0,-0.544480674,0,-0.40834928,2.448883958,0,1
