Participant,Paragraph,PP_Gazes,PP_AOI_Gazes,PP_OffscreenPix,PP_OffscreenProp,PP_2_Gazes,PP_2_AOI_Gazes,PP_2_OffscreenPix,PP_2_OffscreenProp,PP_3_Gazes,PP_3_AOI_Gazes,PP_3_OffscreenPix,PP_3_OffscreenProp,PP_cluster_num_clusters,PP_cluster_avg_duration,PP_cluster_sd_duration,PP_cluster_skew_duration,PP_dispersion,PP_2_cluster_num_clusters,PP_2_cluster_avg_duration,PP_2_cluster_sd_duration,PP_2_cluster_skew_duration,PP_2_dispersion,PP_3_cluster_num_clusters,PP_3_cluster_avg_duration,PP_3_cluster_sd_duration,PP_3_cluster_skew_duration,PP_3_dispersion,wordCount_with_stopwords,syllableCount_with_stopwords,ease_of_reading,wordCount_without_stopwords,syllableCount_without_stopwords,sentiment,PP_CD,PP_NN,PP_JJ,PP_VBN,PP_VBP,PP_NNS,PP_VBD,PP_VBG,PP_DT,PP_IN,PP_JJS,PP_MD,PP_VB,PP_RB,PP_VBZ,PP_RBS,PP_JJR,PP_WRB,PP_RBR,PP_2_CD,PP_2_NN,PP_2_JJ,PP_2_VBN,PP_2_VBP,PP_2_NNS,PP_2_VBD,PP_2_VBG,PP_2_DT,PP_2_IN,PP_2_JJS,PP_2_MD,PP_2_VB,PP_2_RB,PP_2_VBZ,PP_2_RBS,PP_2_JJR,PP_2_WRB,PP_2_RBR,PP_3_CD,PP_3_NN,PP_3_JJ,PP_3_VBN,PP_3_VBP,PP_3_NNS,PP_3_VBD,PP_3_VBG,PP_3_DT,PP_3_IN,PP_3_JJS,PP_3_MD,PP_3_VB,PP_3_RB,PP_3_VBZ,PP_3_RBS,PP_3_JJR,PP_3_WRB,PP_3_RBR,TUT
5b07b71c68eff50001d1c859,4,-0.6031150849014508,-0.7606646774446139,0.7307377210227592,0.5171599359428694,-0.8900470963198422,-0.8389115018499819,0.1525908547068529,-0.0027335312684005,-0.4346370475470617,-0.5814769275760014,0.1193079159903889,0.0733720627621545,-0.3671840723958631,-0.0221941751768464,0.0236450673644401,1.5446677560082402,0.3738162240911469,-0.4832447987546713,-0.0254469967555982,-0.0985868815952852,0.6193798045902174,0.2227286716619601,-0.3215671989078523,-0.0332832075882862,-0.0510103217204081,-0.4368358730246552,-0.9286491002948448,1.1770983868518954,1.3492517622475009,-0.9589940921336454,1.3788709787930729,1.5394537137817328,0.4082482904638631,-0.5883484054145521,0.8366600265340756,1.1078234188139946,2.218800784900916,2.165063509461097,1.3612278194595453,-1.3008872711759818,-0.1147078669352808,1.5811388300841895,1.96116135138184,0.0,0.0,0.0,1.127667777044558,2.3190036174568114,0.0,0.0,-0.4082482904638629,0.0,-0.5443310539518172,0.8781140799175231,0.2433321316961436,0.2773500981126145,-0.5128776445321724,0.5672816854423363,-0.2328451577118997,1.716232660642066,-0.4082482904638629,-0.8111071056538127,2.4494897427831783,1.5811388300841895,1.1547005383792517,0.4082482904638629,-0.7620007620011431,0.0,0.0,-0.6324555320336758,0.0,1.5806695797904056,-0.0632903237089609,-0.3643541272973158,-0.3638907843666212,0.5444806735511223,1.867248408360972,1.10619644309185,2.027570886983737,2.4488839582449704,0.865596996435055,0.0,-0.4083492795292207,-0.6326432878733571,-0.935216060661222,-0.5444806735511224,0.0,-0.4083492795292207,-0.4083492795292207,0.0,0
5b07b71c68eff50001d1c859,10,-0.944236247713976,-0.7515430891337989,-0.2615072710113429,-0.3946142498956644,-0.706922601208995,-0.8141757479894378,0.4443253419219871,0.2491571039721092,-0.9092138716007752,-0.7668526546114176,-0.3079495022274185,-0.4134695102048815,-0.5097589978473261,-0.0448446314390637,-0.0918126604420195,0.2887312326100107,1.0976594339307293,-0.4331201667717022,-0.0386671157518196,0.0827494052150189,-0.1087362421310006,-0.1008463100494827,-0.5161935597080267,-0.0558769130099268,-0.0311487579307405,-0.7616479256188563,0.5482459040646414,-1.7045413798674984,-1.7217445800458908,1.330176323323179,-1.715694423994434,-1.6591285607894997,0.4082482904638631,-0.5883484054145521,-1.2549900398011131,-1.477097891751993,-0.6933752452815363,-0.8660254037844387,-1.8149704259460604,-0.886968593983624,-0.917662935482247,-0.6324555320336758,-0.7844645405527361,0.0,0.0,0.0,-0.9315516419063742,-0.6324555320336758,0.0,0.0,-0.4082482904638629,0.0,0.4082482904638629,-0.2744106499742256,-0.0405553552826907,2.218800784900916,-0.1865009616480627,-0.5157106231293968,0.8537655782769662,-0.9534625892455924,-0.4082482904638629,0.3244428422615251,-0.4082482904638629,-0.6324555320336758,1.1547005383792517,1.3608276348795432,-0.7620007620011431,0.0,0.0,-0.6324555320336758,0.0,-0.632643287873357,-1.386588106715432,-1.2133136452489668,-1.212609349684616,-1.360393849050579,-1.0017601148244135,-1.1722899412640049,-0.8118471861292528,-0.4083492795292207,-1.1552720308855984,0.0,-0.4083492795292207,-0.6326432878733571,-0.935216060661222,0.4079565877497282,0.0,-0.4083492795292207,-0.4083492795292207,0.0,0
5b07b71c68eff50001d1c859,15,-0.8865341604720564,-0.60255714672382,-0.5470802199382309,-0.6148495604846822,-0.9414865612386196,-0.5338372042366062,-0.5464710297520534,-0.607271055845624,-0.3557985523459562,-0.2735140262107134,-0.05662160915812,-0.0787659287900442,-0.4562934008030275,-0.0298834090132452,-0.0723001132083414,0.1601282904605514,-0.1596563870429987,-0.4732198723580775,-0.0480243347292696,0.0367559721328829,-1.0251321872652766,-0.0035469375424858,-0.2950272406169195,-0.0239613947686192,-0.0143300781775073,0.1209556946714087,-1.2634664973067675,-0.8490545741226784,-0.9684813262758136,1.1980226496324222,-0.978893137616456,-1.0879531546160657,-2.449489742783178,2.1572774865200244,-1.2549900398011131,-0.6154574548966638,0.2773500981126145,-0.8660254037844387,0.4537426064865151,-0.4730499167912662,-1.7206180040292132,-0.6324555320336758,-0.7844645405527361,0.0,0.0,0.0,-0.9315516419063742,-0.6324555320336758,0.0,0.0,-0.4082482904638629,0.0,2.313406979295224,0.8781140799175231,-0.6083303292403596,-0.6933752452815363,-0.1865009616480627,-0.1547131869388191,-0.2328451577118997,-0.9534625892455924,-0.4082482904638629,1.4599927901768628,-0.4082482904638629,-0.6324555320336758,-0.8660254037844387,-0.5443310539518172,-0.7620007620011431,0.0,0.0,-0.6324555320336758,0.0,1.5806695797904056,0.377808937293196,1.899537920573753,0.4848277809513736,1.496917934851973,0.2733547843690911,-0.7165926643928338,-0.2439635715066546,-0.4083492795292207,0.865596996435055,0.0,-0.4083492795292207,1.5806695797904058,0.935216060661222,2.3128311103514294,0.0,2.4488839582449704,-0.4083492795292207,0.0,0
5b07b71c68eff50001d1c859,20,-0.6132978061794367,-0.249855732038972,-0.5664410978315791,-0.5223507300372948,-1.038192755285921,-0.727600609477534,-0.5905064240486775,-0.6929138718273973,-0.7159822657157128,-0.7040641019058734,-0.2828167129204886,-0.3526143135840019,-0.3582731395551467,-0.0297017512186813,-0.0202717783374876,-0.3496371726936759,0.0689402851690922,-0.5133195779444528,-0.0370419474591397,-0.151003995635743,0.4406800875161242,1.2524136745943926,-0.4277270320715838,-0.0253147813607072,0.0937816401477702,0.5626189205248388,0.3290328711722379,1.1770983868518954,0.9726201353624624,-0.7730829918568188,0.7157498210528929,0.5874947034926754,0.4082482904638631,0.7844645405527362,1.2549900398011131,1.1078234188139946,-0.6933752452815363,0.1443375672974065,0.0,0.3547874375934494,-0.1147078669352808,-0.6324555320336758,0.5883484054145521,0.0,0.0,0.0,0.0980580675690919,0.105409255338946,0.0,0.0,-0.4082482904638629,0.0,-0.5443310539518172,-0.6585855599381418,-1.1761053031980284,-0.6933752452815363,-0.5128776445321724,-1.2377054955105522,-1.3194558937007657,-0.9534625892455924,2.4494897427831783,-0.8111071056538127,-0.4082482904638629,-0.6324555320336758,-0.8660254037844387,-0.5443310539518172,1.016001016001524,0.0,0.0,-0.6324555320336758,0.0,-0.632643287873357,-0.651422671711837,-1.2133136452489668,-0.3638907843666212,0.5444806735511223,0.2733547843690911,-1.1722899412640049,-1.3797308007518507,-0.4083492795292207,-1.1552720308855984,0.0,-0.4083492795292207,-0.6326432878733571,0.0,-0.5444806735511224,0.0,-0.4083492795292207,-0.4083492795292207,0.0,1
5b07b71c68eff50001d1c859,26,-0.635360368948406,-0.611678735034635,0.1837929205356687,0.1251410830944176,-0.8900470963198422,-0.5585729580971501,-0.4969312111683514,-0.5266660525686608,-0.6603315632208148,-0.6950943086622242,-0.2032295467818774,-0.101586627522874,-0.385005938077296,-0.033486288605837,-0.0750819153706063,0.5461168597129373,0.1984175043677196,-0.4832447987546713,-0.0054657609519527,0.1239521739682976,1.156864699871287,-0.6978182756635509,-0.4365736848352281,-0.026948061270711,-0.0830397429707229,0.6817108732102666,0.2944025385789309,0.636790930592009,0.4801018540512579,0.727645167004309,0.642069692415095,0.4351812618464262,0.4082482904638631,-0.5883484054145521,0.8366600265340756,1.1078234188139946,-0.6933752452815363,0.1443375672974065,0.0,2.0104621463628805,0.6882472016116854,-0.6324555320336758,-0.7844645405527361,0.0,0.0,0.0,-0.5883484054145521,-0.6324555320336758,0.0,0.0,2.4494897427831783,0.0,-0.5443310539518172,1.2622889898814391,-0.3244428422615251,-0.6933752452815363,-0.5128776445321724,-0.8767080593199744,1.3970709462713993,-0.2860387767736777,-0.4082482904638629,1.4599927901768628,-0.4082482904638629,1.5811388300841895,1.1547005383792517,-0.5443310539518172,1.9050019050028577,0.0,0.0,1.5811388300841895,0.0,-0.632643287873357,0.6718751112946341,0.2016188846704513,-1.212609349684616,-1.360393849050579,-1.0017601148244135,1.10619644309185,-0.2439635715066546,-0.4083492795292207,0.865596996435055,0.0,-0.4083492795292207,-0.6326432878733571,1.870432121322444,-0.5444806735511224,0.0,-0.4083492795292207,-0.4083492795292207,0.0,1
5b07b71c68eff50001d1c859,31,-0.7728271062012146,-0.6937730298319703,-0.0049756389244774,-0.1259271709770626,-0.7151529155959994,-0.66163859918275,-0.2877630882593873,-0.2546241665089103,-0.6371437705146072,-0.6113762383881653,-0.2451175289600938,-0.1738521735101684,-0.4206496694401617,-0.0336471314448356,-0.0415239115223659,0.7051569344997344,-0.0043909775235473,-0.4531700195648899,-0.021290316314691,0.0889534959668296,1.486454868815639,0.1897220773115641,-0.3923404210170066,-0.0281743960179596,-0.1150570112682969,0.6462631768521081,-0.999808074923004,-0.4438239819277636,-0.2731613997188192,-1.3039375793942625,-0.3894521085140739,-0.1740725047385704,0.4082482904638631,-0.5883484054145521,0.4183300132670378,-0.6154574548966638,-0.6933752452815363,-0.8660254037844387,-0.9074852129730302,0.3547874375934494,0.6882472016116854,-0.6324555320336758,-0.7844645405527361,0.0,0.0,0.0,-0.5883484054145521,-0.6324555320336758,0.0,0.0,-0.4082482904638629,0.0,-0.5443310539518172,-1.8111102898298903,2.2305445405479847,-0.6933752452815363,2.4245125014248154,2.011271430204647,-1.3194558937007657,0.3813850356982369,-0.4082482904638629,-0.8111071056538127,-0.4082482904638629,-0.6324555320336758,-0.8660254037844387,1.3608276348795432,-0.7620007620011431,0.0,0.0,1.5811388300841895,0.0,-0.632643287873357,1.848139807300386,0.484605390654335,1.3335463462693684,-0.4079565877497283,-1.0017601148244135,1.10619644309185,0.3239200431159434,-0.4083492795292207,0.865596996435055,0.0,2.4488839582449704,1.5806695797904058,-0.935216060661222,-0.5444806735511224,0.0,-0.4083492795292207,-0.4083492795292207,0.0,0
5b07b71c68eff50001d1c859,36,-0.8118608711001603,-0.6785703826472785,-0.3147496852180508,-0.3505671877778609,-0.7110377584024972,-0.674006476113022,-0.0951082382116571,-0.2243972902800491,-0.6062267135729972,-0.3662018897284215,-0.429424650544246,-0.4971454055585908,-0.3582731395551467,-0.0342999641440787,-0.0623441836720673,0.2299216713254566,0.1773648918739369,-0.4130703139785146,-0.0238882415902828,-0.0183781998369702,0.3660755053038383,0.1358874950866846,-0.4188803793079395,-0.0341080964317229,-0.1293244238814931,0.6116427537211673,-0.4251635790103775,0.0064322316221416,0.1614135543793022,-0.2198294765751796,0.3473491778639039,0.3590245410233016,0.4082482904638631,-0.5883484054145521,-0.8366600265340756,-0.6154574548966638,0.2773500981126145,0.1443375672974065,0.9074852129730302,-0.0591312395989084,1.4912022701586516,1.5811388300841895,0.5883484054145521,0.0,0.0,0.0,1.814074250028202,0.105409255338946,0.0,0.0,-0.4082482904638629,0.0,-0.5443310539518172,-0.2744106499742256,-0.3244428422615251,0.2773500981126145,-0.5128776445321724,0.2062842492517586,0.8537655782769662,1.0488088481701516,-0.4082482904638629,-0.8111071056538127,-0.4082482904638629,-0.6324555320336758,-0.8660254037844387,-1.4969103983674974,0.1270001270001905,0.0,0.0,-0.6324555320336758,0.0,-0.632643287873357,-0.798455758712556,0.2016188846704513,1.3335463462693684,0.5444806735511223,0.5921335091674673,-0.2608953875216628,0.3239200431159434,-0.4083492795292207,-1.1552720308855984,0.0,-0.4083492795292207,-0.6326432878733571,0.0,-0.5444806735511224,0.0,-0.4083492795292207,2.4488839582449704,0.0,0
5e3040a2d1a553000cc9147b,4,1.0210289589372883,1.8481095794484856,-0.2227855152246462,0.0018093091645676,1.0769980421742025,2.4220853820983983,-0.2437276939627632,-0.1639435378223268,0.927259310730859,2.19915897795524,-0.3875366683660297,-0.2156901211870231,1.985302197553276,-0.0874221162355756,-0.0470715000111705,0.3687989703418336,-0.6194088530440459,2.133260990756316,-0.0920739656899365,-0.0832402289139569,0.5017152324657569,-0.7361303200922117,2.111262311094328,-0.0903213278214348,-0.0763298644586541,0.6995752633418146,-0.9693962298552118,1.1770983868518954,1.3492517622475009,-0.9589940921336454,1.3788709787930729,1.5394537137817328,0.4082482904638631,-0.5883484054145521,0.8366600265340756,1.1078234188139946,2.218800784900916,2.165063509461097,1.3612278194595453,-1.3008872711759818,-0.1147078669352808,1.5811388300841895,1.96116135138184,0.0,0.0,0.0,1.127667777044558,2.3190036174568114,0.0,0.0,-0.4082482904638629,0.0,-0.5443310539518172,0.8781140799175231,0.2433321316961436,0.2773500981126145,-0.5128776445321724,0.5672816854423363,-0.2328451577118997,1.716232660642066,-0.4082482904638629,-0.8111071056538127,2.4494897427831783,1.5811388300841895,1.1547005383792517,0.4082482904638629,-0.7620007620011431,0.0,0.0,-0.6324555320336758,0.0,1.5806695797904056,-0.0632903237089609,-0.3643541272973158,-0.3638907843666212,0.5444806735511223,1.867248408360972,1.10619644309185,2.027570886983737,2.4488839582449704,0.865596996435055,0.0,-0.4083492795292207,-0.6326432878733571,-0.935216060661222,-0.5444806735511224,0.0,-0.4083492795292207,-0.4083492795292207,0.0,0
5e3040a2d1a553000cc9147b,10,-0.6676056529953611,-0.2802610264083554,-0.5954824146716017,-0.698538978508509,0.7169217877427613,2.339632869229918,-0.5850019997615995,-0.582081992321573,-0.6819735030799418,-0.5276581681141065,-0.4461798434155326,-0.5427868030242504,-0.2156982141036837,-0.0694041055361504,-0.0907380014606842,-2.99188620373191,-0.8877184594317442,0.5693724728876798,-0.0680005809816643,-0.1912791312366172,-0.981382620386722,-1.3345774120568117,-0.100400879816745,-0.090705757934899,-0.0635333980056856,0.5468563628952698,-1.3281821735234671,-1.7045413798674984,-1.7217445800458908,1.330176323323179,-1.715694423994434,-1.6591285607894997,0.4082482904638631,-0.5883484054145521,-1.2549900398011131,-1.477097891751993,-0.6933752452815363,-0.8660254037844387,-1.8149704259460604,-0.886968593983624,-0.917662935482247,-0.6324555320336758,-0.7844645405527361,0.0,0.0,0.0,-0.9315516419063742,-0.6324555320336758,0.0,0.0,-0.4082482904638629,0.0,0.4082482904638629,-0.2744106499742256,-0.0405553552826907,2.218800784900916,-0.1865009616480627,-0.5157106231293968,0.8537655782769662,-0.9534625892455924,-0.4082482904638629,0.3244428422615251,-0.4082482904638629,-0.6324555320336758,1.1547005383792517,1.3608276348795432,-0.7620007620011431,0.0,0.0,-0.6324555320336758,0.0,-0.632643287873357,-1.386588106715432,-1.2133136452489668,-1.212609349684616,-1.360393849050579,-1.0017601148244135,-1.1722899412640049,-0.8118471861292528,-0.4083492795292207,-1.1552720308855984,0.0,-0.4083492795292207,-0.6326432878733571,-0.935216060661222,0.4079565877497282,0.0,-0.4083492795292207,-0.4083492795292207,0.0,0
5e3040a2d1a553000cc9147b,15,-0.0549452561032139,0.4038580969027721,-0.5761215367782533,-0.5928260294257804,0.0708421083629181,1.0698641710553278,-0.5850019997615995,-0.5417794906830915,0.9411719863545835,2.3337058766099776,-0.488067825593749,-0.5199661042914206,0.087273502480675,-0.0665153589223371,-0.0865152008739214,-0.3833443967652731,-0.715552936004406,0.0681261530579887,-0.0628407127791799,-0.1635715093138055,0.2002017348973232,-0.7916892043202246,0.7311844799658184,-0.0611320465873021,-0.1406493457066873,0.909709194806488,-1.1988000665559568,-0.8490545741226784,-0.9684813262758136,1.1980226496324222,-0.978893137616456,-1.0879531546160657,-2.449489742783178,2.1572774865200244,-1.2549900398011131,-0.6154574548966638,0.2773500981126145,-0.8660254037844387,0.4537426064865151,-0.4730499167912662,-1.7206180040292132,-0.6324555320336758,-0.7844645405527361,0.0,0.0,0.0,-0.9315516419063742,-0.6324555320336758,0.0,0.0,-0.4082482904638629,0.0,2.313406979295224,0.8781140799175231,-0.6083303292403596,-0.6933752452815363,-0.1865009616480627,-0.1547131869388191,-0.2328451577118997,-0.9534625892455924,-0.4082482904638629,1.4599927901768628,-0.4082482904638629,-0.6324555320336758,-0.8660254037844387,-0.5443310539518172,-0.7620007620011431,0.0,0.0,-0.6324555320336758,0.0,1.5806695797904056,0.377808937293196,1.899537920573753,0.4848277809513736,1.496917934851973,0.2733547843690911,-0.7165926643928338,-0.2439635715066546,-0.4083492795292207,0.865596996435055,0.0,-0.4083492795292207,1.5806695797904058,0.935216060661222,2.3128311103514294,0.0,2.4488839582449704,-0.4083492795292207,0.0,0
5e3040a2d1a553000cc9147b,20,0.7902206099696095,0.4251418029613404,0.4693658694625567,0.7638234838025693,-0.4929344271468813,-0.5709408350274222,-0.1556569053695152,-0.1589057251175166,-0.4902877500419597,-0.5037387194643753,-0.3624038790590998,-0.345007414006392,1.97639126471256,-0.0991713948320862,-0.0697920868638121,0.9264435190114656,-0.7630203224942749,0.2084751226103022,-0.1025054572425951,-0.1606373565604308,1.0747860160846074,-0.1985936566205411,0.2180786196744494,-0.1011517620656236,-0.1288761900534689,1.1274973206795336,-0.2414720277984887,1.1770983868518954,0.9726201353624624,-0.7730829918568188,0.7157498210528929,0.5874947034926754,0.4082482904638631,0.7844645405527362,1.2549900398011131,1.1078234188139946,-0.6933752452815363,0.1443375672974065,0.0,0.3547874375934494,-0.1147078669352808,-0.6324555320336758,0.5883484054145521,0.0,0.0,0.0,0.0980580675690919,0.105409255338946,0.0,0.0,-0.4082482904638629,0.0,-0.5443310539518172,-0.6585855599381418,-1.1761053031980284,-0.6933752452815363,-0.5128776445321724,-1.2377054955105522,-1.3194558937007657,-0.9534625892455924,2.4494897427831783,-0.8111071056538127,-0.4082482904638629,-0.6324555320336758,-0.8660254037844387,-0.5443310539518172,1.016001016001524,0.0,0.0,-0.6324555320336758,0.0,-0.632643287873357,-0.651422671711837,-1.2133136452489668,-0.3638907843666212,0.5444806735511223,0.2733547843690911,-1.1722899412640049,-1.3797308007518507,-0.4083492795292207,-1.1552720308855984,0.0,-0.4083492795292207,-0.6326432878733571,0.0,-0.5444806735511224,0.0,-0.4083492795292207,-0.4083492795292207,0.0,0
5e3040a2d1a553000cc9147b,26,0.6561481131427962,1.2825711041779535,-0.4357551720514779,-0.4034236623192251,0.3506727975210667,0.966798529969728,-0.5629843026132875,-0.4510988619965079,0.3753898443231204,0.521807641392846,-0.2870055111383103,-0.1966728722429983,0.4971764131536311,-0.0635096059330169,-0.0788754811391064,0.4711857366233845,-0.502166382717197,0.8600953383889004,-0.0813662052498449,-0.063119820875996,0.1457746563132981,-0.5382162815253393,1.385836784475496,-0.0936770035689783,-0.0841890604676512,0.6852406104478694,-0.8605668623231109,0.636790930592009,0.4801018540512579,0.727645167004309,0.642069692415095,0.4351812618464262,0.4082482904638631,-0.5883484054145521,0.8366600265340756,1.1078234188139946,-0.6933752452815363,0.1443375672974065,0.0,2.0104621463628805,0.6882472016116854,-0.6324555320336758,-0.7844645405527361,0.0,0.0,0.0,-0.5883484054145521,-0.6324555320336758,0.0,0.0,2.4494897427831783,0.0,-0.5443310539518172,1.2622889898814391,-0.3244428422615251,-0.6933752452815363,-0.5128776445321724,-0.8767080593199744,1.3970709462713993,-0.2860387767736777,-0.4082482904638629,1.4599927901768628,-0.4082482904638629,1.5811388300841895,1.1547005383792517,-0.5443310539518172,1.9050019050028577,0.0,0.0,1.5811388300841895,0.0,-0.632643287873357,0.6718751112946341,0.2016188846704513,-1.212609349684616,-1.360393849050579,-1.0017601148244135,1.10619644309185,-0.2439635715066546,-0.4083492795292207,0.865596996435055,0.0,-0.4083492795292207,-0.6326432878733571,1.870432121322444,-0.5444806735511224,0.0,-0.4083492795292207,-0.4083492795292207,0.0,0
5e3040a2d1a553000cc9147b,31,0.0350021151856608,0.0511566822179241,-0.4696367083648375,-0.500327198978393,1.1675315004312503,1.3089764583739194,-0.2327188453886072,-0.1286788488886554,0.7896784073406945,1.798508213072244,-0.441991045197711,-0.3259901650623672,1.0318323835966172,-0.098798584012212,-0.0670831728815843,0.8400415545433909,-1.0455568996589335,2.4340087826541303,-0.1006518470197877,-0.1371713407156675,1.2531431285960466,-1.156506400081257,1.7573962005485562,-0.093191186507758,-0.0770320656906853,0.9974597227895404,-0.9456047667363656,-0.4438239819277636,-0.2731613997188192,-1.3039375793942625,-0.3894521085140739,-0.1740725047385704,0.4082482904638631,-0.5883484054145521,0.4183300132670378,-0.6154574548966638,-0.6933752452815363,-0.8660254037844387,-0.9074852129730302,0.3547874375934494,0.6882472016116854,-0.6324555320336758,-0.7844645405527361,0.0,0.0,0.0,-0.5883484054145521,-0.6324555320336758,0.0,0.0,-0.4082482904638629,0.0,-0.5443310539518172,-1.8111102898298903,2.2305445405479847,-0.6933752452815363,2.4245125014248154,2.011271430204647,-1.3194558937007657,0.3813850356982369,-0.4082482904638629,-0.8111071056538127,-0.4082482904638629,-0.6324555320336758,-0.8660254037844387,1.3608276348795432,-0.7620007620011431,0.0,0.0,1.5811388300841895,0.0,-0.632643287873357,1.848139807300386,0.484605390654335,1.3335463462693684,-0.4079565877497283,-1.0017601148244135,1.10619644309185,0.3239200431159434,-0.4083492795292207,0.865596996435055,0.0,2.4488839582449704,1.5806695797904058,-0.935216060661222,-0.5444806735511224,0.0,-0.4083492795292207,-0.4083492795292207,0.0,0
5e3040a2d1a553000cc9147b,36,0.3829117588501765,1.2369631626238786,-0.3825127578447699,-0.3814001312603233,0.2786575466347785,0.6576016067129283,-0.6070196969099115,-0.7080273099418279,0.1697914156614139,0.3782909494944593,-0.5132006149006789,-0.6036419996451299,1.4239134285881403,-0.0949046211348281,-0.0559929296452111,0.5313990797752014,-0.7005500813377898,1.271117320649247,-0.0976198577712486,-0.1038153754634448,1.015654889524981,-0.7845720377470085,1.0762039377479458,-0.0916625815325034,-0.0750941179451865,0.5293235445634737,-1.0467710479012962,0.0064322316221416,0.1614135543793022,-0.2198294765751796,0.3473491778639039,0.3590245410233016,0.4082482904638631,-0.5883484054145521,-0.8366600265340756,-0.6154574548966638,0.2773500981126145,0.1443375672974065,0.9074852129730302,-0.0591312395989084,1.4912022701586516,1.5811388300841895,0.5883484054145521,0.0,0.0,0.0,1.814074250028202,0.105409255338946,0.0,0.0,-0.4082482904638629,0.0,-0.5443310539518172,-0.2744106499742256,-0.3244428422615251,0.2773500981126145,-0.5128776445321724,0.2062842492517586,0.8537655782769662,1.0488088481701516,-0.4082482904638629,-0.8111071056538127,-0.4082482904638629,-0.6324555320336758,-0.8660254037844387,-1.4969103983674974,0.1270001270001905,0.0,0.0,-0.6324555320336758,0.0,-0.632643287873357,-0.798455758712556,0.2016188846704513,1.3335463462693684,0.5444806735511223,0.5921335091674673,-0.2608953875216628,0.3239200431159434,-0.4083492795292207,-1.1552720308855984,0.0,-0.4083492795292207,-0.6326432878733571,0.0,-0.5444806735511224,0.0,-0.4083492795292207,2.4488839582449704,0.0,0
6026d1eca0c0d1400dcfbbd6,4,-0.4826195497786186,-0.2437746731650953,-0.5664410978315791,-0.3858048374721037,-0.6246194573389512,-0.2328855322666546,-0.5739931511874434,-0.4712501128157487,-0.5613969810076627,-0.363211958647205,-0.488067825593749,-0.4515040080929312,-0.5097589978473261,-0.0051467265154223,0.104964494337301,-1.1181576457103224,1.1780531765922284,-0.5433943571342342,-0.0450052720945902,0.3630651920177146,0.0350447636303455,0.9502025962112906,-0.5338868652353154,0.0053760329480525,0.1597617372688183,,2.595704978473188,1.1770983868518954,1.3492517622475009,-0.9589940921336454,1.3788709787930729,1.5394537137817328,0.4082482904638631,-0.5883484054145521,0.8366600265340756,1.1078234188139946,2.218800784900916,2.165063509461097,1.3612278194595453,-1.3008872711759818,-0.1147078669352808,1.5811388300841895,1.96116135138184,0.0,0.0,0.0,1.127667777044558,2.3190036174568114,0.0,0.0,-0.4082482904638629,0.0,-0.5443310539518172,0.8781140799175231,0.2433321316961436,0.2773500981126145,-0.5128776445321724,0.5672816854423363,-0.2328451577118997,1.716232660642066,-0.4082482904638629,-0.8111071056538127,2.4494897427831783,1.5811388300841895,1.1547005383792517,0.4082482904638629,-0.7620007620011431,0.0,0.0,-0.6324555320336758,0.0,1.5806695797904056,-0.0632903237089609,-0.3643541272973158,-0.3638907843666212,0.5444806735511223,1.867248408360972,1.10619644309185,2.027570886983737,2.4488839582449704,0.865596996435055,0.0,-0.4083492795292207,-0.6326432878733571,-0.935216060661222,-0.5444806735511224,0.0,-0.4083492795292207,-0.4083492795292207,0.0,0
6026d1eca0c0d1400dcfbbd6,10,-0.9951498541039052,-0.7120162064536003,-0.5906421951982646,-0.6677060350260465,-0.8118591096433007,-0.4472620657247023,-0.5960108483357555,-0.5871198050263832,-0.9524977513190293,-0.7399432748804701,-0.5132006149006789,-0.6036419996451299,-0.527580863528759,-0.0065176751865903,0.0477085979303409,,2.477968884953752,-0.5433943571342342,-0.0706016727042963,0.4665716287464543,0.7225119120930357,1.1274607633087006,-0.5338868652353154,-0.0502792173145023,-0.2401137051632035,,2.5957049784731887,-1.7045413798674984,-1.7217445800458908,1.330176323323179,-1.715694423994434,-1.6591285607894997,0.4082482904638631,-0.5883484054145521,-1.2549900398011131,-1.477097891751993,-0.6933752452815363,-0.8660254037844387,-1.8149704259460604,-0.886968593983624,-0.917662935482247,-0.6324555320336758,-0.7844645405527361,0.0,0.0,0.0,-0.9315516419063742,-0.6324555320336758,0.0,0.0,-0.4082482904638629,0.0,0.4082482904638629,-0.2744106499742256,-0.0405553552826907,2.218800784900916,-0.1865009616480627,-0.5157106231293968,0.8537655782769662,-0.9534625892455924,-0.4082482904638629,0.3244428422615251,-0.4082482904638629,-0.6324555320336758,1.1547005383792517,1.3608276348795432,-0.7620007620011431,0.0,0.0,-0.6324555320336758,0.0,-0.632643287873357,-1.386588106715432,-1.2133136452489668,-1.212609349684616,-1.360393849050579,-1.0017601148244135,-1.1722899412640049,-0.8118471861292528,-0.4083492795292207,-1.1552720308855984,0.0,-0.4083492795292207,-0.6326432878733571,-0.935216060661222,0.4079565877497282,0.0,-0.4083492795292207,-0.4083492795292207,0.0,0
6026d1eca0c0d1400dcfbbd6,15,-0.9510247285659664,-0.6694487943364635,-0.5809617562515904,-0.6412777977553644,-0.8509531029815715,-0.5585729580971501,-0.5519754540391314,-0.6123088685504342,-0.5242965126777307,-0.285473750535579,-0.4042918612373162,-0.3678281127392219,-0.527580863528759,-0.0439505344814068,0.2046187104547326,,2.477968884953753,-0.5433943571342342,-0.0379170380782638,0.3554402507438649,-0.3816000269668615,1.0386040308609157,-0.5338868652353154,-0.0944173695470532,0.0663642563666867,,2.5957049784731887,-0.8490545741226784,-0.9684813262758136,1.1980226496324222,-0.978893137616456,-1.0879531546160657,-2.449489742783178,2.1572774865200244,-1.2549900398011131,-0.6154574548966638,0.2773500981126145,-0.8660254037844387,0.4537426064865151,-0.4730499167912662,-1.7206180040292132,-0.6324555320336758,-0.7844645405527361,0.0,0.0,0.0,-0.9315516419063742,-0.6324555320336758,0.0,0.0,-0.4082482904638629,0.0,2.313406979295224,0.8781140799175231,-0.6083303292403596,-0.6933752452815363,-0.1865009616480627,-0.1547131869388191,-0.2328451577118997,-0.9534625892455924,-0.4082482904638629,1.4599927901768628,-0.4082482904638629,-0.6324555320336758,-0.8660254037844387,-0.5443310539518172,-0.7620007620011431,0.0,0.0,-0.6324555320336758,0.0,1.5806695797904056,0.377808937293196,1.899537920573753,0.4848277809513736,1.496917934851973,0.2733547843690911,-0.7165926643928338,-0.2439635715066546,-0.4083492795292207,0.865596996435055,0.0,-0.4083492795292207,1.5806695797904058,0.935216060661222,2.3128311103514294,0.0,2.4488839582449704,-0.4083492795292207,0.0,0
6026d1eca0c0d1400dcfbbd6,20,-0.5963266040494604,-0.3897200861381358,-0.5664410978315791,-0.5575883797315376,-1.0093866549314057,-0.7564589889815019,-0.6070196969099115,-0.6727626210081565,-0.8396504934821527,-0.7399432748804701,-0.4378022469798893,-0.466717807248151,-0.5364917963694754,-0.0435928956982982,,,-2.1448253818260614,-0.5534192835308281,-0.086025144865257,0.1759226489948714,,2.678214686741704,-0.5338868652353154,-0.0877902125846318,0.1239686906764714,,2.5957049784731887,1.1770983868518954,0.9726201353624624,-0.7730829918568188,0.7157498210528929,0.5874947034926754,0.4082482904638631,0.7844645405527362,1.2549900398011131,1.1078234188139946,-0.6933752452815363,0.1443375672974065,0.0,0.3547874375934494,-0.1147078669352808,-0.6324555320336758,0.5883484054145521,0.0,0.0,0.0,0.0980580675690919,0.105409255338946,0.0,0.0,-0.4082482904638629,0.0,-0.5443310539518172,-0.6585855599381418,-1.1761053031980284,-0.6933752452815363,-0.5128776445321724,-1.2377054955105522,-1.3194558937007657,-0.9534625892455924,2.4494897427831783,-0.8111071056538127,-0.4082482904638629,-0.6324555320336758,-0.8660254037844387,-0.5443310539518172,1.016001016001524,0.0,0.0,-0.6324555320336758,0.0,-0.632643287873357,-0.651422671711837,-1.2133136452489668,-0.3638907843666212,0.5444806735511223,0.2733547843690911,-1.1722899412640049,-1.3797308007518507,-0.4083492795292207,-1.1552720308855984,0.0,-0.4083492795292207,-0.6326432878733571,0.0,-0.5444806735511224,0.0,-0.4083492795292207,-0.4083492795292207,0.0,0
6026d1eca0c0d1400dcfbbd6,26,-0.6591200519303729,-0.5417465579850531,-0.1259811257579045,-0.1259271709770626,-0.8571258387718247,-0.6245349683919341,-0.5739931511874434,-0.6022332431408138,-0.7020695900919882,-0.4828092018958606,-0.488067825593749,-0.4362902089377113,-0.5008480650066097,0.0389739780247092,0.046832379428066,-0.1848195347042382,0.6067845811746022,-0.5433943571342342,-0.0657449197641651,0.5258384044844564,0.7225119120930357,1.0099173874058665,-0.5338868652353154,-0.0352876874740011,-0.1735610091552267,,2.595704978473188,0.636790930592009,0.4801018540512579,0.727645167004309,0.642069692415095,0.4351812618464262,0.4082482904638631,-0.5883484054145521,0.8366600265340756,1.1078234188139946,-0.6933752452815363,0.1443375672974065,0.0,2.0104621463628805,0.6882472016116854,-0.6324555320336758,-0.7844645405527361,0.0,0.0,0.0,-0.5883484054145521,-0.6324555320336758,0.0,0.0,2.4494897427831783,0.0,-0.5443310539518172,1.2622889898814391,-0.3244428422615251,-0.6933752452815363,-0.5128776445321724,-0.8767080593199744,1.3970709462713993,-0.2860387767736777,-0.4082482904638629,1.4599927901768628,-0.4082482904638629,1.5811388300841895,1.1547005383792517,-0.5443310539518172,1.9050019050028577,0.0,0.0,1.5811388300841895,0.0,-0.632643287873357,0.6718751112946341,0.2016188846704513,-1.212609349684616,-1.360393849050579,-1.0017601148244135,1.10619644309185,-0.2439635715066546,-0.4083492795292207,0.865596996435055,0.0,-0.4083492795292207,-0.6326432878733571,1.870432121322444,-0.5444806735511224,0.0,-0.4083492795292207,-0.4083492795292207,0.0,0
6026d1eca0c0d1400dcfbbd6,31,-0.7660386253492241,-0.6329624410932034,-0.4212345136314666,-0.4254471933781269,-0.6884043938382352,-0.4637525682983983,-0.4639046654458834,-0.4813257382253691,-0.5320257769131332,-0.4170307181091001,-0.3959142648016729,-0.3297936148511722,-0.527580863528759,-0.0411490306787317,0.2154321639636951,,2.477968884953753,-0.5333694307376404,0.0592508365420327,0.3777959948814448,-0.0527453271003341,0.3401337632863897,-0.5161935597080267,-0.0411105778216488,0.3876310110171264,-0.1774816440507473,0.3146335459458904,-0.4438239819277636,-0.2731613997188192,-1.3039375793942625,-0.3894521085140739,-0.1740725047385704,0.4082482904638631,-0.5883484054145521,0.4183300132670378,-0.6154574548966638,-0.6933752452815363,-0.8660254037844387,-0.9074852129730302,0.3547874375934494,0.6882472016116854,-0.6324555320336758,-0.7844645405527361,0.0,0.0,0.0,-0.5883484054145521,-0.6324555320336758,0.0,0.0,-0.4082482904638629,0.0,-0.5443310539518172,-1.8111102898298903,2.2305445405479847,-0.6933752452815363,2.4245125014248154,2.011271430204647,-1.3194558937007657,0.3813850356982369,-0.4082482904638629,-0.8111071056538127,-0.4082482904638629,-0.6324555320336758,-0.8660254037844387,1.3608276348795432,-0.7620007620011431,0.0,0.0,1.5811388300841895,0.0,-0.632643287873357,1.848139807300386,0.484605390654335,1.3335463462693684,-0.4079565877497283,-1.0017601148244135,1.10619644309185,0.3239200431159434,-0.4083492795292207,0.865596996435055,0.0,2.4488839582449704,1.5806695797904058,-0.935216060661222,-0.5444806735511224,0.0,-0.4083492795292207,-0.4083492795292207,0.0,0
6026d1eca0c0d1400dcfbbd6,36,-0.7558559040712383,-0.5387060285481147,-0.5083584641515342,-0.4606848430723698,-0.8550682601750736,-0.6533933478959021,-0.4749135140200394,-0.5216282398638507,-0.6417813290558487,-0.5904467208196507,-0.3624038790590998,-0.4058626106272716,-0.527580863528759,-0.043414076312047,0.2066893717432648,,2.477968884953753,-0.5433943571342342,-0.035729311523962,0.3731055134751242,-0.357770121303818,0.9365350098303552,-0.525040212471671,-0.0167359373928489,0.0923870430448186,0.6810967598632021,1.4047176910288417,0.0064322316221416,0.1614135543793022,-0.2198294765751796,0.3473491778639039,0.3590245410233016,0.4082482904638631,-0.5883484054145521,-0.8366600265340756,-0.6154574548966638,0.2773500981126145,0.1443375672974065,0.9074852129730302,-0.0591312395989084,1.4912022701586516,1.5811388300841895,0.5883484054145521,0.0,0.0,0.0,1.814074250028202,0.105409255338946,0.0,0.0,-0.4082482904638629,0.0,-0.5443310539518172,-0.2744106499742256,-0.3244428422615251,0.2773500981126145,-0.5128776445321724,0.2062842492517586,0.8537655782769662,1.0488088481701516,-0.4082482904638629,-0.8111071056538127,-0.4082482904638629,-0.6324555320336758,-0.8660254037844387,-1.4969103983674974,0.1270001270001905,0.0,0.0,-0.6324555320336758,0.0,-0.632643287873357,-0.798455758712556,0.2016188846704513,1.3335463462693684,0.5444806735511223,0.5921335091674673,-0.2608953875216628,0.3239200431159434,-0.4083492795292207,-1.1552720308855984,0.0,-0.4083492795292207,-0.6326432878733571,0.0,-0.5444806735511224,0.0,-0.4083492795292207,2.4488839582449704,0.0,0
62e0010a466c578a0123e186,4,-1.0273951381508604,-0.7606646774446139,-0.4163942941581295,-0.5179460238255145,-1.038192755285921,-0.8430341274934058,-0.1941878753790612,-0.3150779189666327,-0.8149168479288648,-0.769842585692634,-0.0817543984650498,-0.1890659726653883,-0.527580863528759,-0.0977155648652127,-0.0029075673636583,,2.477968884953753,-0.4732198723580775,-0.0770335887512943,-0.1138548306955415,-1.2155231948333391,0.0468732648433791,-0.4454203375988724,-0.0631689303807381,-0.0785363795114519,0.8419778102563824,0.4563744287168347,1.1770983868518954,1.3492517622475009,-0.9589940921336454,1.3788709787930729,1.5394537137817328,0.4082482904638631,-0.5883484054145521,0.8366600265340756,1.1078234188139946,2.218800784900916,2.165063509461097,1.3612278194595453,-1.3008872711759818,-0.1147078669352808,1.5811388300841895,1.96116135138184,0.0,0.0,0.0,1.127667777044558,2.3190036174568114,0.0,0.0,-0.4082482904638629,0.0,-0.5443310539518172,0.8781140799175231,0.2433321316961436,0.2773500981126145,-0.5128776445321724,0.5672816854423363,-0.2328451577118997,1.716232660642066,-0.4082482904638629,-0.8111071056538127,2.4494897427831783,1.5811388300841895,1.1547005383792517,0.4082482904638629,-0.7620007620011431,0.0,0.0,-0.6324555320336758,0.0,1.5806695797904056,-0.0632903237089609,-0.3643541272973158,-0.3638907843666212,0.5444806735511223,1.867248408360972,1.10619644309185,2.027570886983737,2.4488839582449704,0.865596996435055,0.0,-0.4083492795292207,-0.6326432878733571,-0.935216060661222,-0.5444806735511224,0.0,-0.4083492795292207,-0.4083492795292207,0.0,0
62e0010a466c578a0123e186,10,-0.9900584934649124,-0.7059351475797236,-0.556760658884905,-0.6633013288142662,2.7477518627360897,-0.727600609477534,9.113793594069842,8.304619618963612,-0.9571353098602708,-0.769842585692634,-0.488067825593749,-0.5808213009123001,-0.527580863528759,-0.0779262188783278,-0.08021225626981,,2.477968884953753,-0.1925219332534505,-0.0700558925027047,-0.1700535988356527,-1.358738994055792,-0.7182275328069603,-0.5161935597080267,-0.0924871296706448,-0.0471897873719612,-0.3803355735159197,0.6407658921951674,-1.7045413798674984,-1.7217445800458908,1.330176323323179,-1.715694423994434,-1.6591285607894997,0.4082482904638631,-0.5883484054145521,-1.2549900398011131,-1.477097891751993,-0.6933752452815363,-0.8660254037844387,-1.8149704259460604,-0.886968593983624,-0.917662935482247,-0.6324555320336758,-0.7844645405527361,0.0,0.0,0.0,-0.9315516419063742,-0.6324555320336758,0.0,0.0,-0.4082482904638629,0.0,0.4082482904638629,-0.2744106499742256,-0.0405553552826907,2.218800784900916,-0.1865009616480627,-0.5157106231293968,0.8537655782769662,-0.9534625892455924,-0.4082482904638629,0.3244428422615251,-0.4082482904638629,-0.6324555320336758,1.1547005383792517,1.3608276348795432,-0.7620007620011431,0.0,0.0,-0.6324555320336758,0.0,-0.632643287873357,-1.386588106715432,-1.2133136452489668,-1.212609349684616,-1.360393849050579,-1.0017601148244135,-1.1722899412640049,-0.8118471861292528,-0.4083492795292207,-1.1552720308855984,0.0,-0.4083492795292207,-0.6326432878733571,-0.935216060661222,0.4079565877497282,0.0,-0.4083492795292207,-0.4083492795292207,0.0,1
62e0010a466c578a0123e186,15,-1.0613375424108131,-0.7485025596968605,-0.5858019757249275,-0.6897295660849483,-1.1657626282844886,-0.8347888762065578,-0.5960108483357555,-0.7130651226466381,-0.9725938383310758,-0.7578828613677684,-0.5048230184650356,-0.59603510006752,-0.5364917963694754,-0.1273995838686417,,,-2.1448253818260614,-0.5534192835308281,-0.1206131015826847,-0.1687005954126654,,2.678214686741704,-0.5338868652353154,-0.1193818055104196,-0.1506310886488251,,2.5957049784731887,-0.8490545741226784,-0.9684813262758136,1.1980226496324222,-0.978893137616456,-1.0879531546160657,-2.449489742783178,2.1572774865200244,-1.2549900398011131,-0.6154574548966638,0.2773500981126145,-0.8660254037844387,0.4537426064865151,-0.4730499167912662,-1.7206180040292132,-0.6324555320336758,-0.7844645405527361,0.0,0.0,0.0,-0.9315516419063742,-0.6324555320336758,0.0,0.0,-0.4082482904638629,0.0,2.313406979295224,0.8781140799175231,-0.6083303292403596,-0.6933752452815363,-0.1865009616480627,-0.1547131869388191,-0.2328451577118997,-0.9534625892455924,-0.4082482904638629,1.4599927901768628,-0.4082482904638629,-0.6324555320336758,-0.8660254037844387,-0.5443310539518172,-0.7620007620011431,0.0,0.0,-0.6324555320336758,0.0,1.5806695797904056,0.377808937293196,1.899537920573753,0.4848277809513736,1.496917934851973,0.2733547843690911,-0.7165926643928338,-0.2439635715066546,-0.4083492795292207,0.865596996435055,0.0,-0.4083492795292207,1.5806695797904058,0.935216060661222,2.3128311103514294,0.0,2.4488839582449704,-0.4083492795292207,0.0,1
62e0010a466c578a0123e186,20,-1.0698231434758012,-0.7424215008229839,-0.5954824146716017,-0.698538978508509,-1.1678202068812398,-0.8430341274934058,-0.6070196969099115,-0.7231407480562585,-0.9633187212485927,-0.7578828613677684,-0.5132006149006789,-0.6036419996451299,-0.5364917963694754,-0.1085639412926612,,,-2.1448253818260614,-0.5534192835308281,-0.1082086920525142,-0.2648289009064338,,2.678214686741704,-0.5161935597080267,-0.1028139130900707,-0.0444200874625096,-0.0258109902774064,1.25025906137541,1.1770983868518954,0.9726201353624624,-0.7730829918568188,0.7157498210528929,0.5874947034926754,0.4082482904638631,0.7844645405527362,1.2549900398011131,1.1078234188139946,-0.6933752452815363,0.1443375672974065,0.0,0.3547874375934494,-0.1147078669352808,-0.6324555320336758,0.5883484054145521,0.0,0.0,0.0,0.0980580675690919,0.105409255338946,0.0,0.0,-0.4082482904638629,0.0,-0.5443310539518172,-0.6585855599381418,-1.1761053031980284,-0.6933752452815363,-0.5128776445321724,-1.2377054955105522,-1.3194558937007657,-0.9534625892455924,2.4494897427831783,-0.8111071056538127,-0.4082482904638629,-0.6324555320336758,-0.8660254037844387,-0.5443310539518172,1.016001016001524,0.0,0.0,-0.6324555320336758,0.0,-0.632643287873357,-0.651422671711837,-1.2133136452489668,-0.3638907843666212,0.5444806735511223,0.2733547843690911,-1.1722899412640049,-1.3797308007518507,-0.4083492795292207,-1.1552720308855984,0.0,-0.4083492795292207,-0.6326432878733571,0.0,-0.5444806735511224,0.0,-0.4083492795292207,-0.4083492795292207,0.0,1
62e0010a466c578a0123e186,26,-1.0783087445407893,-0.7545836185707372,-0.5858019757249275,-0.6897295660849483,-1.178108099864995,-0.8430341274934058,-0.5960108483357555,-0.7130651226466381,-0.9772313968723172,-0.7638627235302011,-0.5048230184650356,-0.59603510006752,-0.5364917963694754,-0.1273995838686417,,,-2.1448253818260614,-0.5433943571342342,-0.0900286844478133,-0.1260711019754017,0.1521829063214432,1.6755422943685356,-0.525040212471671,-0.1088298274201078,-0.0171815815010892,0.7241794590062203,0.8695113867057763,0.636790930592009,0.4801018540512579,0.727645167004309,0.642069692415095,0.4351812618464262,0.4082482904638631,-0.5883484054145521,0.8366600265340756,1.1078234188139946,-0.6933752452815363,0.1443375672974065,0.0,2.0104621463628805,0.6882472016116854,-0.6324555320336758,-0.7844645405527361,0.0,0.0,0.0,-0.5883484054145521,-0.6324555320336758,0.0,0.0,2.4494897427831783,0.0,-0.5443310539518172,1.2622889898814391,-0.3244428422615251,-0.6933752452815363,-0.5128776445321724,-0.8767080593199744,1.3970709462713993,-0.2860387767736777,-0.4082482904638629,1.4599927901768628,-0.4082482904638629,1.5811388300841895,1.1547005383792517,-0.5443310539518172,1.9050019050028577,0.0,0.0,1.5811388300841895,0.0,-0.632643287873357,0.6718751112946341,0.2016188846704513,-1.212609349684616,-1.360393849050579,-1.0017601148244135,1.10619644309185,-0.2439635715066546,-0.4083492795292207,0.865596996435055,0.0,-0.4083492795292207,-0.6326432878733571,1.870432121322444,-0.5444806735511224,0.0,-0.4083492795292207,-0.4083492795292207,0.0,1
62e0010a466c578a0123e186,31,-1.037577859428846,-0.7180972653274771,-0.5954824146716017,-0.6588966226024858,-1.178108099864995,-0.7811947428420459,-0.6070196969099115,-0.7231407480562585,-0.9787772497193976,-0.7489130681241192,-0.5132006149006789,-0.6036419996451299,-0.5186699306880426,-0.0898872492916755,-0.0629180898243601,0.2402439587300754,0.9421058301035946,-0.5534192835308281,-0.0988233451779032,0.0484055091315809,,2.678214686741704,-0.5338868652353154,-0.0989856039638853,-0.1623756820951351,,2.5957049784731887,-0.4438239819277636,-0.2731613997188192,-1.3039375793942625,-0.3894521085140739,-0.1740725047385704,0.4082482904638631,-0.5883484054145521,0.4183300132670378,-0.6154574548966638,-0.6933752452815363,-0.8660254037844387,-0.9074852129730302,0.3547874375934494,0.6882472016116854,-0.6324555320336758,-0.7844645405527361,0.0,0.0,0.0,-0.5883484054145521,-0.6324555320336758,0.0,0.0,-0.4082482904638629,0.0,-0.5443310539518172,-1.8111102898298903,2.2305445405479847,-0.6933752452815363,2.4245125014248154,2.011271430204647,-1.3194558937007657,0.3813850356982369,-0.4082482904638629,-0.8111071056538127,-0.4082482904638629,-0.6324555320336758,-0.8660254037844387,1.3608276348795432,-0.7620007620011431,0.0,0.0,1.5811388300841895,0.0,-0.632643287873357,1.848139807300386,0.484605390654335,1.3335463462693684,-0.4079565877497283,-1.0017601148244135,1.10619644309185,0.3239200431159434,-0.4083492795292207,0.865596996435055,0.0,2.4488839582449704,1.5806695797904058,-0.935216060661222,-0.5444806735511224,0.0,-0.4083492795292207,-0.4083492795292207,0.0,1
62e0010a466c578a0123e186,36,-1.074914504114794,-0.7606646774446139,-0.5954824146716017,-0.6324683853318037,-1.1883959928487506,-0.8347888762065578,-0.5960108483357555,-0.6727626210081565,-0.9865065139548004,-0.769842585692634,-0.5132006149006789,-0.5846247507011051,-0.5364917963694754,-0.0893706599335925,,,-2.1448253818260614,-0.5534192835308281,-0.1085368510307934,-0.2667907030958052,,2.678214686741702,-0.525040212471671,-0.0973341765005917,-0.1726776940352823,0.5502394438750573,0.8797598541805441,0.0064322316221416,0.1614135543793022,-0.2198294765751796,0.3473491778639039,0.3590245410233016,0.4082482904638631,-0.5883484054145521,-0.8366600265340756,-0.6154574548966638,0.2773500981126145,0.1443375672974065,0.9074852129730302,-0.0591312395989084,1.4912022701586516,1.5811388300841895,0.5883484054145521,0.0,0.0,0.0,1.814074250028202,0.105409255338946,0.0,0.0,-0.4082482904638629,0.0,-0.5443310539518172,-0.2744106499742256,-0.3244428422615251,0.2773500981126145,-0.5128776445321724,0.2062842492517586,0.8537655782769662,1.0488088481701516,-0.4082482904638629,-0.8111071056538127,-0.4082482904638629,-0.6324555320336758,-0.8660254037844387,-1.4969103983674974,0.1270001270001905,0.0,0.0,-0.6324555320336758,0.0,-0.632643287873357,-0.798455758712556,0.2016188846704513,1.3335463462693684,0.5444806735511223,0.5921335091674673,-0.2608953875216628,0.3239200431159434,-0.4083492795292207,-1.1552720308855984,0.0,-0.4083492795292207,-0.6326432878733571,0.0,-0.5444806735511224,0.0,-0.4083492795292207,2.4488839582449704,0.0,1
5a4444fc56ec1100014a29e1,4,-0.2161716763379895,0.3673717436595119,-0.4889975862581858,-0.4694942554959305,-0.1657794302634575,0.946185401752608,-0.5134444840295854,-0.5971954304360036,0.1110490074723549,0.9942167522250354,-0.3791590719303864,-0.3564177633728069,0.2922249578171531,-0.0867885586401351,-0.0651012732833822,1.234730803144931,-0.4998439650115088,0.3989487241455848,-0.0906836491521379,-0.1675148916623226,1.993835945189242,-1.226232706375506,0.6161779940384425,-0.0907235923017748,-0.1651056739868835,2.126240293914828,-0.8747924529552218,1.1770983868518954,1.3492517622475009,-0.9589940921336454,1.3788709787930729,1.5394537137817328,0.4082482904638631,-0.5883484054145521,0.8366600265340756,1.1078234188139946,2.218800784900916,2.165063509461097,1.3612278194595453,-1.3008872711759818,-0.1147078669352808,1.5811388300841895,1.96116135138184,0.0,0.0,0.0,1.127667777044558,2.3190036174568114,0.0,0.0,-0.4082482904638629,0.0,-0.5443310539518172,0.8781140799175231,0.2433321316961436,0.2773500981126145,-0.5128776445321724,0.5672816854423363,-0.2328451577118997,1.716232660642066,-0.4082482904638629,-0.8111071056538127,2.4494897427831783,1.5811388300841895,1.1547005383792517,0.4082482904638629,-0.7620007620011431,0.0,0.0,-0.6324555320336758,0.0,1.5806695797904056,-0.0632903237089609,-0.3643541272973158,-0.3638907843666212,0.5444806735511223,1.867248408360972,1.10619644309185,2.027570886983737,2.4488839582449704,0.865596996435055,0.0,-0.4083492795292207,-0.6326432878733571,-0.935216060661222,-0.5444806735511224,0.0,-0.4083492795292207,-0.4083492795292207,0.0,1
5a4444fc56ec1100014a29e1,10,-0.9323564062229924,-0.7180972653274771,-0.5809617562515904,-0.6677060350260465,0.1860665097809793,-0.0927162603902387,-0.5354621811778975,-0.4510988619965079,-0.8829343732004068,-0.701074170824657,-0.5132006149006789,-0.59603510006752,-0.3671840723958631,-0.0910277196513016,-0.0967445013596751,0.6684507783911793,-0.3740950610983094,0.7598460744229623,-0.090041514720969,-0.1588915916767688,1.7042720195661585,-1.1031811843988035,-0.4365736848352281,-0.0860233007669571,-0.0976716572448212,1.332808189280734,0.4309967648956964,-1.7045413798674984,-1.7217445800458908,1.330176323323179,-1.715694423994434,-1.6591285607894997,0.4082482904638631,-0.5883484054145521,-1.2549900398011131,-1.477097891751993,-0.6933752452815363,-0.8660254037844387,-1.8149704259460604,-0.886968593983624,-0.917662935482247,-0.6324555320336758,-0.7844645405527361,0.0,0.0,0.0,-0.9315516419063742,-0.6324555320336758,0.0,0.0,-0.4082482904638629,0.0,0.4082482904638629,-0.2744106499742256,-0.0405553552826907,2.218800784900916,-0.1865009616480627,-0.5157106231293968,0.8537655782769662,-0.9534625892455924,-0.4082482904638629,0.3244428422615251,-0.4082482904638629,-0.6324555320336758,1.1547005383792517,1.3608276348795432,-0.7620007620011431,0.0,0.0,-0.6324555320336758,0.0,-0.632643287873357,-1.386588106715432,-1.2133136452489668,-1.212609349684616,-1.360393849050579,-1.0017601148244135,-1.1722899412640049,-0.8118471861292528,-0.4083492795292207,-1.1552720308855984,0.0,-0.4083492795292207,-0.6326432878733571,-0.935216060661222,0.4079565877497282,0.0,-0.4083492795292207,-0.4083492795292207,0.0,0
5a4444fc56ec1100014a29e1,15,-0.5488072380855264,-0.6147192644715733,-0.5228791225715455,-0.5223507300372948,-0.5073374773241389,-0.3565643015693744,-0.5409666054649754,-0.5568929287975221,-0.1888464448612621,0.1540461184032301,-0.3959142648016729,-0.3754350123168318,0.0338079054363764,-0.0920410295227325,-0.0898811069177851,3.084019583155896,-0.4617116763822789,0.0781510794545825,-0.0899317513561775,-0.1107034991469727,2.1405024809085806,-0.5403630466681344,0.386165022183691,-0.0902181872866551,-0.1608500473403084,2.135880520794268,-0.7617088025642161,-0.8490545741226784,-0.9684813262758136,1.1980226496324222,-0.978893137616456,-1.0879531546160657,-2.449489742783178,2.1572774865200244,-1.2549900398011131,-0.6154574548966638,0.2773500981126145,-0.8660254037844387,0.4537426064865151,-0.4730499167912662,-1.7206180040292132,-0.6324555320336758,-0.7844645405527361,0.0,0.0,0.0,-0.9315516419063742,-0.6324555320336758,0.0,0.0,-0.4082482904638629,0.0,2.313406979295224,0.8781140799175231,-0.6083303292403596,-0.6933752452815363,-0.1865009616480627,-0.1547131869388191,-0.2328451577118997,-0.9534625892455924,-0.4082482904638629,1.4599927901768628,-0.4082482904638629,-0.6324555320336758,-0.8660254037844387,-0.5443310539518172,-0.7620007620011431,0.0,0.0,-0.6324555320336758,0.0,1.5806695797904056,0.377808937293196,1.899537920573753,0.4848277809513736,1.496917934851973,0.2733547843690911,-0.7165926643928338,-0.2439635715066546,-0.4083492795292207,0.865596996435055,0.0,-0.4083492795292207,1.5806695797904058,0.935216060661222,2.3128311103514294,0.0,2.4488839582449704,-0.4083492795292207,0.0,1
5a4444fc56ec1100014a29e1,20,-0.2993305667748737,0.1423725653260744,-0.561600878358242,-0.575207204578659,-0.949716875625624,-0.6039218401748141,-0.6070196969099115,-0.7231407480562585,-0.8241919650113477,-0.6113762383881653,-0.5132006149006789,-0.5694109515458852,0.2476702936135709,-0.0898970720839325,-0.0751953421222822,1.4370756417023725,-0.2269153617745507,-0.3428958292023579,-0.0889500401955959,-0.1420529615783246,1.3648615556548955,-0.2548614704483566,-0.3834937682533624,-0.0849083982356327,-0.0804211924871336,0.5875541849753784,-0.9707614512556942,1.1770983868518954,0.9726201353624624,-0.7730829918568188,0.7157498210528929,0.5874947034926754,0.4082482904638631,0.7844645405527362,1.2549900398011131,1.1078234188139946,-0.6933752452815363,0.1443375672974065,0.0,0.3547874375934494,-0.1147078669352808,-0.6324555320336758,0.5883484054145521,0.0,0.0,0.0,0.0980580675690919,0.105409255338946,0.0,0.0,-0.4082482904638629,0.0,-0.5443310539518172,-0.6585855599381418,-1.1761053031980284,-0.6933752452815363,-0.5128776445321724,-1.2377054955105522,-1.3194558937007657,-0.9534625892455924,2.4494897427831783,-0.8111071056538127,-0.4082482904638629,-0.6324555320336758,-0.8660254037844387,-0.5443310539518172,1.016001016001524,0.0,0.0,-0.6324555320336758,0.0,-0.632643287873357,-0.651422671711837,-1.2133136452489668,-0.3638907843666212,0.5444806735511223,0.2733547843690911,-1.1722899412640049,-1.3797308007518507,-0.4083492795292207,-1.1552720308855984,0.0,-0.4083492795292207,-0.6326432878733571,0.0,-0.5444806735511224,0.0,-0.4083492795292207,-0.4083492795292207,0.0,1
5a4444fc56ec1100014a29e1,26,-0.1652580699480604,0.3764933319703269,-0.5858019757249275,-0.6324683853318037,-0.4456101194216061,0.1917449090060169,-0.5629843026132875,-0.6526113701889158,-0.3542526994988756,-0.2226851978300348,-0.2409287307422722,-0.105390077311679,0.4080670847464667,-0.0876727113185551,-0.0674727813250041,1.343661665995865,-0.0896916396848852,0.1182507850409578,-0.0925892756525045,-0.1791379877039604,2.157150651731592,-0.5813251388638416,0.1207654392743622,-0.0914813730652232,-0.1648883490960147,2.3013860675379028,-1.1153950929096494,0.636790930592009,0.4801018540512579,0.727645167004309,0.642069692415095,0.4351812618464262,0.4082482904638631,-0.5883484054145521,0.8366600265340756,1.1078234188139946,-0.6933752452815363,0.1443375672974065,0.0,2.0104621463628805,0.6882472016116854,-0.6324555320336758,-0.7844645405527361,0.0,0.0,0.0,-0.5883484054145521,-0.6324555320336758,0.0,0.0,2.4494897427831783,0.0,-0.5443310539518172,1.2622889898814391,-0.3244428422615251,-0.6933752452815363,-0.5128776445321724,-0.8767080593199744,1.3970709462713993,-0.2860387767736777,-0.4082482904638629,1.4599927901768628,-0.4082482904638629,1.5811388300841895,1.1547005383792517,-0.5443310539518172,1.9050019050028577,0.0,0.0,1.5811388300841895,0.0,-0.632643287873357,0.6718751112946341,0.2016188846704513,-1.212609349684616,-1.360393849050579,-1.0017601148244135,1.10619644309185,-0.2439635715066546,-0.4083492795292207,0.865596996435055,0.0,-0.4083492795292207,-0.6326432878733571,1.870432121322444,-0.5444806735511224,0.0,-0.4083492795292207,-0.4083492795292207,0.0,0
5a4444fc56ec1100014a29e1,31,-0.6676056529953611,-0.6724893237734019,-0.2469866125913316,-0.3285436567189591,0.1346270448622019,0.7235636170077122,-0.5464710297520534,-0.6022332431408138,0.0275729537300078,0.3244721900325643,-0.2660615200492021,-0.2347073701310479,-0.0909451543336536,-0.0925847339200317,-0.0897194886297573,1.5775521607434166,-0.4306591089257426,0.6495718840604302,-0.0889635126408776,-0.1507708273390368,1.629388999420161,-1.0360404996872947,0.5188648136383553,-0.0917660813926324,-0.173851107935523,1.8676633638011224,-0.6882625078655534,-0.4438239819277636,-0.2731613997188192,-1.3039375793942625,-0.3894521085140739,-0.1740725047385704,0.4082482904638631,-0.5883484054145521,0.4183300132670378,-0.6154574548966638,-0.6933752452815363,-0.8660254037844387,-0.9074852129730302,0.3547874375934494,0.6882472016116854,-0.6324555320336758,-0.7844645405527361,0.0,0.0,0.0,-0.5883484054145521,-0.6324555320336758,0.0,0.0,-0.4082482904638629,0.0,-0.5443310539518172,-1.8111102898298903,2.2305445405479847,-0.6933752452815363,2.4245125014248154,2.011271430204647,-1.3194558937007657,0.3813850356982369,-0.4082482904638629,-0.8111071056538127,-0.4082482904638629,-0.6324555320336758,-0.8660254037844387,1.3608276348795432,-0.7620007620011431,0.0,0.0,1.5811388300841895,0.0,-0.632643287873357,1.848139807300386,0.484605390654335,1.3335463462693684,-0.4079565877497283,-1.0017601148244135,1.10619644309185,0.3239200431159434,-0.4083492795292207,0.865596996435055,0.0,2.4488839582449704,1.5806695797904058,-0.935216060661222,-0.5444806735511224,0.0,-0.4083492795292207,-0.4083492795292207,0.0,1
5a4444fc56ec1100014a29e1,36,-0.9102938434540232,-0.6603272060256485,-0.5809617562515904,-0.6544919163907055,-0.7871681664822876,-0.711110106903838,-0.5905064240486775,-0.6979516845322075,-0.2599556758269651,-0.2675341640482806,-0.4126694576729595,-0.4210764097824914,-0.3315403410329974,-0.0907416086210325,-0.0814713248504745,1.897174705998317,0.1140493781016554,-0.1323723748738876,-0.0931670776768397,-0.1973598783021708,1.4294227392704135,-1.3722498112834365,0.2623118834926708,-0.091204499209049,-0.1688668879839149,1.9215801760092368,-1.1570853877662677,0.0064322316221416,0.1614135543793022,-0.2198294765751796,0.3473491778639039,0.3590245410233016,0.4082482904638631,-0.5883484054145521,-0.8366600265340756,-0.6154574548966638,0.2773500981126145,0.1443375672974065,0.9074852129730302,-0.0591312395989084,1.4912022701586516,1.5811388300841895,0.5883484054145521,0.0,0.0,0.0,1.814074250028202,0.105409255338946,0.0,0.0,-0.4082482904638629,0.0,-0.5443310539518172,-0.2744106499742256,-0.3244428422615251,0.2773500981126145,-0.5128776445321724,0.2062842492517586,0.8537655782769662,1.0488088481701516,-0.4082482904638629,-0.8111071056538127,-0.4082482904638629,-0.6324555320336758,-0.8660254037844387,-1.4969103983674974,0.1270001270001905,0.0,0.0,-0.6324555320336758,0.0,-0.632643287873357,-0.798455758712556,0.2016188846704513,1.3335463462693684,0.5444806735511223,0.5921335091674673,-0.2608953875216628,0.3239200431159434,-0.4083492795292207,-1.1552720308855984,0.0,-0.4083492795292207,-0.6326432878733571,0.0,-0.5444806735511224,0.0,-0.4083492795292207,2.4488839582449704,0.0,0
5bbc0004ac45e6000131d380,4,-0.5861438827714744,-0.6968135592689086,0.6920159652360626,0.4819222862486265,-0.7645348019180256,-0.7605816146249259,0.1801129761422429,0.0526824084845115,-0.5567594224664212,-0.6831345843373586,0.257538257178503,0.1494410585382538,-0.5097589978473261,-0.0086933111241783,0.1237285993738562,-0.5709298934483481,0.5143808824599722,-0.5233445043410466,-0.0090653003732199,0.3339648233230228,-0.1804100637501424,1.124375957447797,-0.525040212471671,-0.054397062417086,0.1630195096270867,-0.9973488438259616,1.113530838522441,1.1770983868518954,1.3492517622475009,-0.9589940921336454,1.3788709787930729,1.5394537137817328,0.4082482904638631,-0.5883484054145521,0.8366600265340756,1.1078234188139946,2.218800784900916,2.165063509461097,1.3612278194595453,-1.3008872711759818,-0.1147078669352808,1.5811388300841895,1.96116135138184,0.0,0.0,0.0,1.127667777044558,2.3190036174568114,0.0,0.0,-0.4082482904638629,0.0,-0.5443310539518172,0.8781140799175231,0.2433321316961436,0.2773500981126145,-0.5128776445321724,0.5672816854423363,-0.2328451577118997,1.716232660642066,-0.4082482904638629,-0.8111071056538127,2.4494897427831783,1.5811388300841895,1.1547005383792517,0.4082482904638629,-0.7620007620011431,0.0,0.0,-0.6324555320336758,0.0,1.5806695797904056,-0.0632903237089609,-0.3643541272973158,-0.3638907843666212,0.5444806735511223,1.867248408360972,1.10619644309185,2.027570886983737,2.4488839582449704,0.865596996435055,0.0,-0.4083492795292207,-0.6326432878733571,-0.935216060661222,-0.5444806735511224,0.0,-0.4083492795292207,-0.4083492795292207,0.0,1
5bbc0004ac45e6000131d380,10,-0.9951498541039052,-0.7606646774446139,-0.3728323188980958,-0.4959224927666126,-0.8262621598205583,-0.8182983736328618,0.2241483704388669,0.0476445957797013,-0.8891177845887288,-0.7339634127180373,-0.4838790273759274,-0.5770178511234951,-0.5186699306880426,-0.0182402797487025,-0.1077537470261919,0.1770634300238409,1.0585436139374362,-0.5433943571342342,-0.052531051415251,0.2036725825010669,-1.0787748284327952,1.055590884521613,-0.5338868652353154,-0.0704180535419361,0.2749706059877513,,2.5957049784731887,-1.7045413798674984,-1.7217445800458908,1.330176323323179,-1.715694423994434,-1.6591285607894997,0.4082482904638631,-0.5883484054145521,-1.2549900398011131,-1.477097891751993,-0.6933752452815363,-0.8660254037844387,-1.8149704259460604,-0.886968593983624,-0.917662935482247,-0.6324555320336758,-0.7844645405527361,0.0,0.0,0.0,-0.9315516419063742,-0.6324555320336758,0.0,0.0,-0.4082482904638629,0.0,0.4082482904638629,-0.2744106499742256,-0.0405553552826907,2.218800784900916,-0.1865009616480627,-0.5157106231293968,0.8537655782769662,-0.9534625892455924,-0.4082482904638629,0.3244428422615251,-0.4082482904638629,-0.6324555320336758,1.1547005383792517,1.3608276348795432,-0.7620007620011431,0.0,0.0,-0.6324555320336758,0.0,-0.632643287873357,-1.386588106715432,-1.2133136452489668,-1.212609349684616,-1.360393849050579,-1.0017601148244135,-1.1722899412640049,-0.8118471861292528,-0.4083492795292207,-1.1552720308855984,0.0,-0.4083492795292207,-0.6326432878733571,-0.935216060661222,0.4079565877497282,0.0,-0.4083492795292207,-0.4083492795292207,0.0,0
5bbc0004ac45e6000131d380,15,-0.8373176742951248,-0.6481650882778951,-0.3437910020580733,-0.4518754306488091,-0.9353138254483664,-0.7935626197723179,-0.1446480567953592,-0.2898888554425817,-0.5150213955952477,-0.485799132977077,-0.0775656002472282,-0.1852625228765833,-0.5364917963694754,-0.1273995838686417,,,-2.1448253818260614,-0.5534192835308281,-0.0805777057611554,0.230199175159891,,2.678214686741704,-0.4896536014170938,0.0192461853254662,0.1180079410588372,0.3924410003339676,-0.0839614572696558,-0.8490545741226784,-0.9684813262758136,1.1980226496324222,-0.978893137616456,-1.0879531546160657,-2.449489742783178,2.1572774865200244,-1.2549900398011131,-0.6154574548966638,0.2773500981126145,-0.8660254037844387,0.4537426064865151,-0.4730499167912662,-1.7206180040292132,-0.6324555320336758,-0.7844645405527361,0.0,0.0,0.0,-0.9315516419063742,-0.6324555320336758,0.0,0.0,-0.4082482904638629,0.0,2.313406979295224,0.8781140799175231,-0.6083303292403596,-0.6933752452815363,-0.1865009616480627,-0.1547131869388191,-0.2328451577118997,-0.9534625892455924,-0.4082482904638629,1.4599927901768628,-0.4082482904638629,-0.6324555320336758,-0.8660254037844387,-0.5443310539518172,-0.7620007620011431,0.0,0.0,-0.6324555320336758,0.0,1.5806695797904056,0.377808937293196,1.899537920573753,0.4848277809513736,1.496917934851973,0.2733547843690911,-0.7165926643928338,-0.2439635715066546,-0.4083492795292207,0.865596996435055,0.0,-0.4083492795292207,1.5806695797904058,0.935216060661222,2.3128311103514294,0.0,2.4488839582449704,-0.4083492795292207,0.0,1
5bbc0004ac45e6000131d380,20,-0.6557258115043776,-0.4870170281201628,-0.2953888073247024,-0.3990189561074448,-1.110208006172209,-0.7935626197723179,-0.5079400597425074,-0.6223844939600546,-0.9045763130595338,-0.7578828613677684,-0.4042918612373162,-0.5047523051362007,-0.527580863528759,-0.0736345534847686,0.0900421180026706,,2.477968884953753,-0.5534192835308281,-0.0268908962888594,-0.2393254727549043,,2.678214686741704,-0.525040212471671,-0.0876400828202491,0.2083981165276595,0.7241794590062197,1.7020271161990206,1.1770983868518954,0.9726201353624624,-0.7730829918568188,0.7157498210528929,0.5874947034926754,0.4082482904638631,0.7844645405527362,1.2549900398011131,1.1078234188139946,-0.6933752452815363,0.1443375672974065,0.0,0.3547874375934494,-0.1147078669352808,-0.6324555320336758,0.5883484054145521,0.0,0.0,0.0,0.0980580675690919,0.105409255338946,0.0,0.0,-0.4082482904638629,0.0,-0.5443310539518172,-0.6585855599381418,-1.1761053031980284,-0.6933752452815363,-0.5128776445321724,-1.2377054955105522,-1.3194558937007657,-0.9534625892455924,2.4494897427831783,-0.8111071056538127,-0.4082482904638629,-0.6324555320336758,-0.8660254037844387,-0.5443310539518172,1.016001016001524,0.0,0.0,-0.6324555320336758,0.0,-0.632643287873357,-0.651422671711837,-1.2133136452489668,-0.3638907843666212,0.5444806735511223,0.2733547843690911,-1.1722899412640049,-1.3797308007518507,-0.4083492795292207,-1.1552720308855984,0.0,-0.4083492795292207,-0.6326432878733571,0.0,-0.5444806735511224,0.0,-0.4083492795292207,-0.4083492795292207,0.0,1
5bbc0004ac45e6000131d380,26,-0.049853895464221,-0.5447870874219914,1.6116576651701084,1.3716729410282589,-0.9682350829963836,-0.678129101756446,-0.4528958168717274,-0.5720063669119526,-0.5660345395489043,-0.701074170824657,0.1570070999507836,0.0657651631845445,-0.4919371321658932,6.657564458310016,44.18108529458073,0.9238737200160344,0.8865844164889946,-0.5233445043410466,-0.0154184582525024,-0.1798439771651027,-0.7883190753419992,0.4566000365743908,-0.5161935597080267,-0.0703858828655386,0.1805121708717197,-0.169195346602535,0.6464095299790208,0.636790930592009,0.4801018540512579,0.727645167004309,0.642069692415095,0.4351812618464262,0.4082482904638631,-0.5883484054145521,0.8366600265340756,1.1078234188139946,-0.6933752452815363,0.1443375672974065,0.0,2.0104621463628805,0.6882472016116854,-0.6324555320336758,-0.7844645405527361,0.0,0.0,0.0,-0.5883484054145521,-0.6324555320336758,0.0,0.0,2.4494897427831783,0.0,-0.5443310539518172,1.2622889898814391,-0.3244428422615251,-0.6933752452815363,-0.5128776445321724,-0.8767080593199744,1.3970709462713993,-0.2860387767736777,-0.4082482904638629,1.4599927901768628,-0.4082482904638629,1.5811388300841895,1.1547005383792517,-0.5443310539518172,1.9050019050028577,0.0,0.0,1.5811388300841895,0.0,-0.632643287873357,0.6718751112946341,0.2016188846704513,-1.212609349684616,-1.360393849050579,-1.0017601148244135,1.10619644309185,-0.2439635715066546,-0.4083492795292207,0.865596996435055,0.0,-0.4083492795292207,-0.6326432878733571,1.870432121322444,-0.5444806735511224,0.0,-0.4083492795292207,-0.4083492795292207,0.0,1
5bbc0004ac45e6000131d380,31,-0.8814427998330634,-0.6633677354625869,-0.4938378057315229,-0.5443742610961966,-0.7419014373537636,-0.628657594035358,-0.0235507224796431,-0.1488300997078962,-0.5845847737138702,-0.4947689262207261,-0.2116071432175207,-0.2537246190750728,-0.5364917963694754,-0.1273995838686417,,,-2.1448253818260614,-0.563444209927422,-0.1317705069805645,,,-2.5735772553674856,-0.5161935597080267,-0.0165965311687545,0.3221420400099833,-0.2191258694618319,0.1255985732313642,-0.4438239819277636,-0.2731613997188192,-1.3039375793942625,-0.3894521085140739,-0.1740725047385704,0.4082482904638631,-0.5883484054145521,0.4183300132670378,-0.6154574548966638,-0.6933752452815363,-0.8660254037844387,-0.9074852129730302,0.3547874375934494,0.6882472016116854,-0.6324555320336758,-0.7844645405527361,0.0,0.0,0.0,-0.5883484054145521,-0.6324555320336758,0.0,0.0,-0.4082482904638629,0.0,-0.5443310539518172,-1.8111102898298903,2.2305445405479847,-0.6933752452815363,2.4245125014248154,2.011271430204647,-1.3194558937007657,0.3813850356982369,-0.4082482904638629,-0.8111071056538127,-0.4082482904638629,-0.6324555320336758,-0.8660254037844387,1.3608276348795432,-0.7620007620011431,0.0,0.0,1.5811388300841895,0.0,-0.632643287873357,1.848139807300386,0.484605390654335,1.3335463462693684,-0.4079565877497283,-1.0017601148244135,1.10619644309185,0.3239200431159434,-0.4083492795292207,0.865596996435055,0.0,2.4488839582449704,1.5806695797904058,-0.935216060661222,-0.5444806735511224,0.0,-0.4083492795292207,-0.4083492795292207,0.0,1
5bbc0004ac45e6000131d380,36,-0.8475003955731106,-0.5539086757328064,-0.5180389030982083,-0.6060401480611215,-0.8818167819328379,-0.5874313376011181,-0.5244533326037414,-0.6173466812552444,-0.7685412625164497,-0.5665272721699195,-0.4713126327224625,-0.5275730038690306,-0.527580863528759,-0.0172468386810721,-0.0774513745248191,,2.477968884953753,-0.5433943571342342,-0.0901599480432577,0.2279027212222003,0.722511912093036,1.3155857131051034,-0.525040212471671,-0.0195240616823685,-0.1640030076221137,-0.901889145118149,0.8716290731010069,0.0064322316221416,0.1614135543793022,-0.2198294765751796,0.3473491778639039,0.3590245410233016,0.4082482904638631,-0.5883484054145521,-0.8366600265340756,-0.6154574548966638,0.2773500981126145,0.1443375672974065,0.9074852129730302,-0.0591312395989084,1.4912022701586516,1.5811388300841895,0.5883484054145521,0.0,0.0,0.0,1.814074250028202,0.105409255338946,0.0,0.0,-0.4082482904638629,0.0,-0.5443310539518172,-0.2744106499742256,-0.3244428422615251,0.2773500981126145,-0.5128776445321724,0.2062842492517586,0.8537655782769662,1.0488088481701516,-0.4082482904638629,-0.8111071056538127,-0.4082482904638629,-0.6324555320336758,-0.8660254037844387,-1.4969103983674974,0.1270001270001905,0.0,0.0,-0.6324555320336758,0.0,-0.632643287873357,-0.798455758712556,0.2016188846704513,1.3335463462693684,0.5444806735511223,0.5921335091674673,-0.2608953875216628,0.3239200431159434,-0.4083492795292207,-1.1552720308855984,0.0,-0.4083492795292207,-0.6326432878733571,0.0,-0.5444806735511224,0.0,-0.4083492795292207,2.4488839582449704,0.0,1
